Indicador;Nome;Tema;Base;Conceito;ODS;É porcentagem
101;Estimativa de sub-registro de nascimento;1;IBGE: Coordenação de População e Indicadores Sociais (Copis);Percentual de nascimentos não registrados no mesmo ano de sua ocorrência ou no primeiro trimestre do ano subsequente, em determinado espaço geográfico, no ano considerado.;16;1
102;Proporção de pessoas que realizam cuidados domésticos ou familiares com crianças de 0 a 5 anos;1;IBGE: Pesquisa Nacional por Amostras de Domicílios - Contínua (Pnad-C);Percentual da população residente com 14 anos ou mais de idade que desempenhou tarefas de cuidado com moradores de 0 a 5 anos no âmbito de suas atividades domésticas ou familiares, em determinado espaço geográfico, no ano considerado.;5;1
103;Proporção de crianças de 0 a 5 anos em situação domiciliar de pobreza;1;IBGE: Pesquisa Nacional por Amostras de Domicílios - Contínua (Pnad-C);Percentual de crianças de 0 a 5 anos em domicílios com renda mensal per capita de até meio salário mínimo, em determinado espaço geográfico, no ano considerado.;1, 10;1
104;Proporção de crianças de 0 a 5 anos beneficiárias do Programa Bolsa Família;1;Ministério da Cidadania: Cadastro Único para Programas Sociais do Governo Federal (CadÚnico);Percentual de crianças de 0 a 5 anos beneficiárias do Programa Bolsa Família, em relação ao total de crianças na mesma faixa etária em situação de baixa renda (renda domiciliar mensal per capita de até meio salário mínimo) inseridas no Cadastro Único, em determinado espaço geográfico, no ano considerado.;1, 2, 10;1
105;Proporção indivíduos visitados pelo Programa Crianças Feliz em relação à meta pactuada;1;Ministério da Cidadania: Secretaria Nacional de Atenção à Primeira Infância (SNAPI);Percentual médio de indivíduos visitados pelo Programa Criança Feliz em relação à meta pactuada pelo(s) município(s), em determinado espaço geográfico, no ano considerado.;1, 3;1
106;Proporção de crianças de 0 a 5 anos com deficiência beneficiárias do BPC inseridas no Programa Criança Feliz;1;Ministério da Cidadania: Secretaria Nacional de Atenção à Primeira Infância (SNAPI) e Cadastro Único para Programas Sociais do Governo Federal (CadÚnico);Percentual de crianças de 0 a 5 anos com deficiência beneficiárias do BPC (Benefício de Prestação Continuada) inscritas no Programa Criança Feliz, em determinado espaço geográfico, no ano considerado.;1;1
108;Número de crianças em situação de acolhimento;1;Ministério da Cidadania: Censo SUAS;Número de crianças de 0 a 5 anos em serviços de Acolhimento Institucional ou Acolhimento em Família Acolhedora, em determinado espaço geográfico, no ano considerado.;1;0
109;Cobertura dos Centros de Referência de Assistência Social (CRAS);1;Ministério da Cidadania: Censo SUAS e Cadastro Único para Programas Sociais do Governo Federal (CadÚnico) / IBGE: Estimativas da população;Proporção de Centros de Referência de Assistência Social (CRAS) existentes para atendimento das famílias inseridas no Cadastro Único, considerando o número recomendado de famílias referenciadas por CRAS pelas normas da Proteção Social Básica para o porte populacional do município, em determinado espaço geográfico, no ano considerado.;1;1
201;Número de matrículas em creches;2;Inep: Censo Escolar da Educação Básica;Número de matrículas de crianças em creches, em determinado espaço geográfico, no ano considerado.;4;0
202;Número de matrículas em pré-escolas;2;Inep: Censo Escolar da Educação Básica;Número de matrículas de crianças em pré-escolas, em determinado espaço geográfico, no ano considerado.;4;0
203;Proporção de crianças de 0 a 3 anos que frequentam centros de educação infantil;2;IBGE: Pesquisa Nacional por Amostras de Domicílios - Contínua (Pnad-C);Percentual de crianças de 0 a 3 anos que frequentam centros de educação infantil em relação à população total dessa faixa etária, em determinado espaço geográfico, no ano considerado.;4;1
204;Proporção de crianças de 4 e 5 anos que frequentam centros de educação infantil;2;IBGE: Pesquisa Nacional por Amostras de Domicílios - Contínua (Pnad-C);Percentual de crianças de 4 e 5 anos que frequentam centros de educação infantil em relação à população total dessa faixa etária, em determinado espaço geográfico, no ano considerado.;4;1
205;Proporção de crianças de 0 a 3 anos fora do sistema de ensino;2;IBGE: Pesquisa Nacional por Amostras de Domicílios - Contínua (Pnad-C);Percentual de crianças de 0 a 3 anos que não frequentam centros de educação infantil em relação à população total dessa faixa etária, em determinado espaço geográfico, no ano considerado.;4;1
206;Proporção de crianças de 4 e 5 anos fora do sistema de ensino;2;IBGE: Pesquisa Nacional por Amostras de Domicílios - Contínua (Pnad-C);Percentual de crianças de 4 e 5 anos que não frequentam centros de educação infantil em relação à população total dessa faixa etária, em determinado espaço geográfico, no ano considerado.;4;1
207;Proporção de matrículas em tempo integral em creches;2;Inep: Censo Escolar da Educação Básica;Percentual de matrículas de crianças em tempo integral (pelo menos 7 horas diárias) em creches em relação ao total de matrículas na mesma etapa de ensino, em determinado espaço geográfico, no ano considerado.;4;1
208;Proporção de matrículas em tempo integral em pré-escolas;2;Inep: Censo Escolar da Educação Básica;Percentual de matrículas de crianças em tempo integral (pelo menos 7 horas diárias) em pré-escolas em relação ao total de matrículas na mesma etapa de ensino, em determinado espaço geográfico, no ano considerado.;4;1
209;Proporção de matrículas de crianças com deficiência, transtorno do espectro autista ou altas habilidades/superdotação em classes comuns em creches;2;Inep: Censo Escolar da Educação Básica;Percentual de matrículas de crianças com deficiência, transtorno do espectro autista ou altas habilidades/superdotação em classes comuns de creches em relação ao total de matrículas de crianças com deficiência, transtorno do espectro autista ou altas habilidades/superdotação na mesma etapa de ensino, em determinado espaço geográfico, no ano considerado.;4;1
210;Proporção de matrículas de crianças com deficiência, transtorno do espectro autista ou altas habilidades/superdotação em classes comuns em pré-escolas;2;Inep: Censo Escolar da Educação Básica;Percentual de matrículas de crianças com deficiência, transtorno do espectro autista ou altas habilidades/superdotação em classes comuns de pré-escolas em relação ao total de matrículas de crianças com deficiência, transtorno do espectro autista ou altas habilidades/superdotação na mesma etapa de ensino, em determinado espaço geográfico, no ano considerado.;4;1
211;Proporção de matrículas em creches sem recurso de acessibilidade;2;Inep: Censo Escolar da Educação Básica;Percentual de matrículas de crianças em creches sem recurso de acessibilidade em relação ao total de matrículas na mesma etapa de ensino, em determinado espaço geográfico, no ano considerado.;4;1
212;Proporção de matrículas em pré-escolas sem recurso de acessibilidade;2;Inep: Censo Escolar da Educação Básica;Percentual de matrículas de crianças em pré-escolas sem recurso de acessibilidade em relação ao total de matrículas na mesma etapa de ensino, em determinado espaço geográfico, no ano considerado.;4;1
213;Proporção de matrículas em creches com área externa, parque infantil ou brinquedos para educação infantil;2;Inep: Censo Escolar da Educação Básica;Percentual de matrículas de crianças em creches que possuem área externa, parque infantil ou brinquedos para educação infantil em relação ao total de matrículas na mesma etapa de ensino, em determinado espaço geográfico, no ano considerado.;4;1
214;Proporção de matrículas em pré-escolas com área externa, parque infantil ou brinquedos para educação infantil;2;Inep: Censo Escolar da Educação Básica;Percentual de matrículas de crianças em pré-escolas que possuem área externa, parque infantil ou brinquedos para educação infantil em relação ao total de matrículas na mesma etapa de ensino, em determinado espaço geográfico, no ano considerado.;4;1
215;Proporção de creches com regulamentação no conselho ou órgão de educação;2;Inep: Censo Escolar da Educação Básica;Percentual de creches com regulamentação no conselho ou órgão de educação em relação ao total de creches, em determinado espaço geográfico, no ano considerado.;4;1
216;Proporção de pré-escolas com regulamentação no conselho ou órgão de educação;2;Inep: Censo Escolar da Educação Básica;Percentual de pré-escolas com regulamentação no conselho ou órgão de educação em relação ao total de pré-escolas, em determinado espaço geográfico, no ano considerado.;4;1
217;Proporção de matrículas em creches com saneamento básico;2;Inep: Censo Escolar da Educação Básica;Percentual de matrículas de crianças em creches com saneamento básico (com água encanada, esgotamento sanitário e coleta de lixo) em relação ao total de matrículas de crianças na mesma etapa de ensino, em determinado espaço geográfico, no ano considerado.;4, 6;1
218;Proporção de matrículas em pré-escolas com saneamento básico;2;Inep: Censo Escolar da Educação Básica;Percentual de matrículas de crianças em pré-escolas com saneamento básico (com água encanada, esgotamento sanitário e coleta de lixo) em relação ao total de matrículas de crianças na mesma etapa de ensino, em determinado espaço geográfico, no ano considerado.;4, 6;1
219;Adequação da formação docente em creches;2;Inep: Diretoria de Estatísticas Educacionais (Deed);Classificação dos/das docentes em cinco categorias, segundo a adequação de sua formação inicial para sua atuação em creches, a partir dos marcos normativos nacionais, em determinado espaço geográfico, no ano considerado.;4;1
220;Adequação da formação docente em pré-escolas;2;Inep: Diretoria de Estatísticas Educacionais (Deed);Classificação dos/das docentes em cinco categorias, segundo a adequação de sua formação inicial para sua atuação em pré-escolas, a partir dos marcos normativos nacionais, em determinado espaço geográfico, no ano considerado.;4;1
221; Taxa de docentes com formação continuada específica para atuação em creches, para cada 1.000 docentes;2;Inep: Censo Escolar da Educação Básica;Número de docentes com formação continuada específica para atuação em creches, por mil docentes, no total de docentes da mesma etapa de ensino, em determinado espaço geográfico, no ano considerado;4;0
222; Taxa de docentes com formação continuada específica para atuação em pré-escolas, para cada 1.000 docentes;2;Inep: Censo Escolar da Educação Básica;Número de docentes com formação continuada específica para atuação em pré-escolas, por mil docentes, no total de docentes da mesma etapa de ensino, em determinado espaço geográfico, no ano considerado;4;0
301;Proporção cobertura vacinal;3;Ministério da Saúde: Sistema de Informações do Programa Nacional de Imunizações (SI-PNI);Percentual de vacinação de vacinas específicas (BCG, Penta, Tríplice – 1ª e 2ª doses – e Hepatite B), em determinado espaço geográfico, no ano considerado.;3;1
303;Taxa de detecção de aids em menores de 5 anos, para cada 100 mil crianças;3;Ministério da Saúde: Departamento de Doenças de Condições Crônicas e Infecções Sexualmente Transmissíveis;Número de novos casos de aids confirmados entre crianças de 0 a 4 anos para cada 100 mil crianças na mesma faixa etária em determinado espaço geográfico, no ano considerado.;3;0
304;Taxa de incidência de sífilis congênita, para cada mil crianças;3;Ministério da Saúde: Sistema de Informação de Agravos de Notificação (Sinan) e Sistema de Informações sobre Nascidos Vivos (Sinasc);Número de novos casos de sífilis congênita, em cada mil crianças menores de 1 ano, em determinado espaço geográfico, por nascidos vivos de mães residentes no mesmo espaço geográfico, no ano considerado.;3;0
306;Prevalência de déficit de altura em menores de 5 anos;3;Ministério da Saúde: Sistema de Vigilância Alimentar e Nutricional (Sisvan);Percentual de crianças menores de 5 anos acompanhadas pelo Sistema de Vigilância Alimentar e Nutricional (Sisvan) com baixa estatura ou estatura muito baixa para a idade, em determinado espaço geográfico, no ano considerado.;2, 3;1
307;Prevalência de déficit de peso em menores de 5 anos;3;Ministério da Saúde: Sistema de Vigilância Alimentar e Nutricional (Sisvan);Percentual de crianças menores de 5 anos acompanhadas pelo Sistema de Vigilância Alimentar e Nutricional (Sisvan) com baixo peso ou peso muito baixo para a idade, em determinado espaço geográfico, no ano considerado.;2, 3;1
308;Prevalência de excesso de peso em crianças menores de 5 anos;3;Ministério da Saúde: Sistema de Vigilância Alimentar e Nutricional (Sisvan);Percentual de crianças menores de cinco anos acompanhadas pelo Sistema de Vigilância Alimentar e Nutricional (Sisvan) com sobrepeso ou obesidade, em determinado espaço geográfico, no ano considerado.;2, 3;1
309;Número de óbitos de crianças menores de 5 anos;3;Ministério da Saúde: Sistema de Informações sobre Mortalidade (Sim);Número de óbitos de menores de 5 anos na população residente em determinado espaço geográfico, no ano considerado.;3;0
310;Taxa de mortalidade na infância, para cada mil nascidos vivos;3;Ministério da Saúde: Sistema de Informações sobre Mortalidade (Sim) e Sistema de Informações sobre Nascidos Vivos (Sinasc);Número de óbitos de menores de 5 anos, por mil nascidos vivos, na população residente em determinado espaço geográfico, no ano considerado.;3;0
311;Proporção de nascidos vivos cujas mães realizaram pelo menos sete consultas pré-natal;3;Ministério da Saúde: Sistema de Informações sobre Nascidos Vivos (Sinasc);Percentual de mulheres com filhos nascidos vivos que realizaram pelo menos 7 consultas de pré-natal em relação ao total de mulheres com filhos nascidos vivos, na população residente em determinado espaço geográfico, no ano considerado.;3, 5;1
312;Proporção de parto vaginal;3;Ministério da Saúde: Sistema de Informações sobre Nascidos Vivos (Sinasc);Percentual de partos vaginais em relação ao total de partos, na população residente em determinado espaço geográfico, no ano considerado.;3, 5;1
313;Número de óbitos de mulheres gestantes ou puerperais, por causas e condições consideradas de morte materna;3;Ministério da Saúde: Sistema de Informações sobre Mortalidade (Sim);Número de óbitos de mulheres gestantes ou puerperais por causas e condições consideradas de morte materna na populaçãor residente em determinado espaço geográfico, no ano considerado.;3;0
314;Taxa de mortalidade materna, para cada 100 mil nascidos vivos;3;Ministério da Saúde: Sistema de Informações sobre Mortalidade (Sim) e Sistema de Informações sobre Nascidos Vivos (Sinasc);Número de óbitos maternos, por 100 mil nascidos vivos de mães residentes, em determinado espaço geográfico, no ano considerado.;3;0
315;Proporção de hospitais com UTI neonatal que possuem serviço banco de leite humano;3;Ministério da Saúde: Cadastro Nacional de Estabelecimentos do SUS (CNES);Percentual de hospitais com UTI neonatal com serviço de banco de leite humano em relação ao total de hospitais com UTI neonatal, em determinado espaço geográfico, no ano considerado.;3;1
316;Cobertura populacional estimada na Atenção Primária;3;Ministério da Saúde: Secretaria de Atenção Primária à Saúde do Ministério da Saúde (SAPS/MS);Percentual da população coberta por equipes da Estratégia de Saúde da Família e por equipes de Atenção Primária tradicional equivalentes e parametrizadas em relação à estimativa populacional, em determinado espaço geográfico, no ano considerado.;3;1
317;Cobertura de saúde bucal;3;Ministério da Saúde: Secretaria de Atenção Primária à Saúde do Ministério da Saúde (SAPS/MS);Percentual da população coberta por equipes de Saúde Bucal vinculadas às Equipes de Saúde da Família e por equipes de Saúde Bucal equivalentes e parametrizadas na Atenção Primária tradicional em relação à estimativa populacional, em determinado espaço geográfico, no ano considerado.;3;1
318;Proporção de crianças de 0 a 5 anos em domicílios com acesso a saneamento básico;3;IBGE: Pesquisa Nacional por Amostras de Domicílios - Contínua (Pnad-C);Percentual de crianças de 0 a 5 anos residentes em domicílios com acesso a rede de esgoto, água encanada e coleta de lixo, em determinado espaço geográfico, no ano considerado.;1, 6, 11;1
404;Número de internações de crianças de 0 a 5 anos por causas acidentais;4;Ministério da Saúde/Secretaria de Atenção à Saúde (SAS): Sistema de Informações Hospitalares do SUS (SIH/SUS).;Número de casos de internações hospitalares no Sistema Único de Saúde (SUS), por causas de acidentais na população residente de 0 a 5 anos em determinado espaço geográfico, no ano considerado.;3;0
405;Taxa de internações de crianças de 0 a 5 anos por causas acidentais, para cada dez mil crianças;4;"Ministério da Saúde/Secretaria de Atenção à Saúde (SAS): Sistema de Informações Hospitalares do SUS (SIH/SUS).
IBGE: Estimativa da população";Número de casos de internações hospitalares no Sistema Único de Saúde (SUS) na população residente de 0 a 5 anos, por causas acidentais, por 10 mil habitantes, na população residente da mesma faixa etária em determinado espaço geográfico, no ano considerado.;3;0
406;Número de internações de crianças de 0 a 5 anos por acidentes de transporte terrestre;4;Ministério da Saúde/Secretaria de Atenção à Saúde (SAS): Sistema de Informações Hospitalares do SUS (SIH/SUS).;Número de casos de internações hospitalares no Sistema Único de Saúde (SUS), por acidentes de transporte terrestre, na população residente de 0 a 5 anos em determinado espaço geográfico, no ano considerado.;3;0
407;Taxa de internações de crianças de 0 a 5 anos por acidentes de transporte terrestre , para cada dez mil crianças;4;"Ministério da Saúde/Secretaria de Atenção à Saúde (SAS): Sistema de Informações Hospitalares do SUS (SIH/SUS).
IBGE: Estimativa da população";Número de casos de internações hospitalares no Sistema Único de Saúde (SUS) na população residente de 0 a 5 anos, por acidente de transporte terrestre, por 10 mil habitantes, na população residente da mesma faixa etária em determinado espaço geográfico, no ano considerado.;3;0
410;Número de óbitos de crianças menores de 5 anos por causas acidentais;4;Ministério da Saúde: Sistema de Informações sobre Mortalidade (SIM).;Número de óbitos por causas acidentais, na população residente de 0 a 4 anos em determinado espaço geográfico, no ano considerado.;3;0
411;Taxa de mortalidade de menores de 5 anos por causas acidentais, para cada mil nascidos vivos;4;Ministério da Saúde: Sistema de Informações sobre Mortalidade (SIM) e Sistema de Informações sobre Nascidos Vivos (Sinasc).;Número de óbitos por causas acidentais, por mil nascidos vivos, na população residente de 0 a 4 anos em determinado espaço geográfico, no ano considerado. ;3;0
412;Número de óbitos de crianças menores de 5 anos por acidentes de transporte terrestre;4;Ministério da Saúde: Sistema de Informações sobre Mortalidade (SIM).;Número de óbitos por acidentes de transporte terrestre, na população residente de 0 a 4 anos em determinado espaço geográfico, no ano considerado. ;3;0
413;Taxa de mortalidade de menores de 5 anos por acidentes de transporte terrestre, para cada mil nascidos vivos;4;Ministério da Saúde: Sistema de Informações sobre Mortalidade (SIM) e Sistema de Informações sobre Nascidos Vivos (Sinasc).;Número de óbitos por acidentes de transporte terrestre, por mil nascidos vivos, na população residente de 0 a 4 anos em determinado espaço geográfico, no ano considerado. ;3;0
401;Número de notificações de violência contra crianças de 0 a 5 anos;4;Ministério da Saúde: Sistema de Informação de Agravos de Notificação (Sinan).;Número de violências notificadas pelo Sistema Único de Saúde (SUS) contra crianças de 0 a 5 anos, em determinado espaço geográfico, no ano considerado.;16;0
403;Número de violações contra crianças de 0 a 5 anos registradas pela Ouvidoria de Direitos Humanos;4;Ministério da Mulher, Família e Direitos Humanos: Ouvidoria Nacional de Direitos Humanos.;Número de violações contra crianças de 0 a 5 anos denunciadas aos canais da Ouvidoria Nacional de Direitos Humanos (Disque 100, Ligue 180 e aplicativo Direitos Humanos Brasil), em determinado espaço geográfico, no ano considerado.;16;0
414;Número de gestantes, parturientes e mães com filhos em estabelecimentos prisionais;4;Departamento Penitenciário Nacional (Depen): Levantamento Nacional de Informações Penitenciárias.;Número de gestantes, parturientes e mães com filhos e filhas em estabelecimentos prisionais, em função de cumprimento de pena restritiva de liberdade, em determinado espaço geográfico, no ano considerado.;16;0
415;Número de notificações de violência doméstica contra mulheres com 15 anos ou mais;4;Ministério da Saúde: Sistema de Informação de Agravos de Notificação (Sinan).;Número de violências notificadas pelo Sistema Único de Saúde (SUS) contra mulheres com 15 anos ou mais, que tenham sido praticadas por parceiros íntimos, membros da família ou indivíduos sem função parental, mas que convivam no espaço doméstico, em determinado espaço geográfico, no ano considerado.;5, 16;0
417;Número de óbitos de mulheres por agressão;4;Ministério da Saúde: Sistema de Informações sobre Mortalidade (SIM).;Número de óbitos por agressão na população residente feminina, em determinado espaço geográfico, no ano considerado.;5, 16;0
418;Taxa de mortalidade feminina por agressão, para cada 100 mil mulheres;4;Ministério da Saúde: Sistema de Informações sobre Mortalidade (SIM) e IBGE: Projeções da população.;Número de óbitos femininos por agressão para cada 100 mil mulheres residente no total da população feminina em determinado espaço geográfico, no ano considerado.;5, 16;0
419;Cobertura de Conselho Tutelar;4;IBGE: Pesquisa de Informações Básicas Municipais (Munic) e Estimativas da população.;Proporção de Conselhos Tutelares existentes para atendimento de crianças e adolescentes considerando o número recomendado de pessoas referenciadas por Conselho Tutelar pelo Conanda (Conselho Nacional dos Direitos da Criança e do Adolescente), em determinado espaço geográfico, no ano considerado.;16;1
408;Número de óbitos de crianças menores de 5 anos por agressão;4;Ministério da Saúde: Sistema de Informações sobre Mortalidade (SIM).;Número de óbitos por agressão, na população residente de 0 a 4 anos em determinado espaço geográfico, no ano considerado.;16;0
409;Taxa de mortalidade de menores de 5 anos por agressão, para cada mil nascidos vivos;4;Ministério da Saúde: Sistema de Informações sobre Mortalidade (SIM) e Sistema de Informações sobre Nascidos Vivos (Sinasc).;Número de óbitos por agressão, por mil nascidos vivos, na população residente de 0 a 5 anos em determinado espaço geográfico, no ano considerado.;16;0
