Indicador;Nome;Tema;Base;Conceito;ODS;É porcentagem
101;Estimativa de sub-registro de nascimento;1;IBGE: Coordenaçăo de Populaçăo e Indicadores Sociais (Copis);Percentual de nascimentos năo registrados no mesmo ano de sua ocorrência ou no primeiro trimestre do ano subsequente, em determinado espaço geográfico, no ano considerado.;16;1
102;Proporçăo de pessoas que realizam cuidados domésticos ou familiares com crianças de 0 a 5 anos;1;IBGE: Pesquisa Nacional por Amostras de Domicílios - Contínua (Pnad-C);Percentual da populaçăo residente com 14 anos ou mais de idade que desempenhou tarefas de cuidado com moradores de 0 a 5 anos no âmbito de suas atividades domésticas ou familiares, em determinado espaço geográfico, no ano considerado.;5;1
103;Proporçăo de crianças de 0 a 5 anos em situaçăo domiciliar de pobreza;1;IBGE: Pesquisa Nacional por Amostras de Domicílios - Contínua (Pnad-C);Percentual de crianças de 0 a 5 anos em domicílios com renda mensal per capita de até meio salário mínimo, em determinado espaço geográfico, no ano considerado.;1, 10;1
104;Proporçăo de crianças de 0 a 5 anos beneficiárias do Programa Bolsa Família;1;Ministério da Cidadania: Cadastro Único para Programas Sociais do Governo Federal (CadÚnico);Percentual de crianças de 0 a 5 anos beneficiárias do Programa Bolsa Família, em relaçăo ao total de crianças na mesma faixa etária em situaçăo de baixa renda (renda domiciliar mensal per capita de até meio salário mínimo) inseridas no Cadastro Único, em determinado espaço geográfico, no ano considerado.;1, 2, 10;1
105;Proporçăo indivíduos visitados pelo Programa Crianças Feliz em relaçăo à meta pactuada;1;Ministério da Cidadania: Secretaria Nacional de Atençăo à Primeira Infância (SNAPI);Percentual médio de indivíduos visitados pelo Programa Criança Feliz em relaçăo à meta pactuada pelo(s) município(s), em determinado espaço geográfico, no ano considerado.;1, 3;1
106;Proporçăo de crianças de 0 a 5 anos com deficiência beneficiárias do BPC inseridas no Programa Criança Feliz;1;Ministério da Cidadania: Secretaria Nacional de Atençăo à Primeira Infância (SNAPI) e Cadastro Único para Programas Sociais do Governo Federal (CadÚnico);Percentual de crianças de 0 a 5 anos com deficiência beneficiárias do BPC (Benefício de Prestaçăo Continuada) inscritas no Programa Criança Feliz, em determinado espaço geográfico, no ano considerado.;1;1
108;Número de crianças em situaçăo de acolhimento;1;Ministério da Cidadania: Censo SUAS;Número de crianças de 0 a 5 anos em serviços de Acolhimento Institucional ou Acolhimento em Família Acolhedora, em determinado espaço geográfico, no ano considerado.;1;0
109;Cobertura dos Centros de Referência de Assistência Social (CRAS);1;Ministério da Cidadania: Censo SUAS e Cadastro Único para Programas Sociais do Governo Federal (CadÚnico) / IBGE: Estimativas da populaçăo;Proporçăo de Centros de Referência de Assistência Social (CRAS) existentes para atendimento das famílias inseridas no Cadastro Único, considerando o número recomendado de famílias referenciadas por CRAS pelas normas da Proteçăo Social Básica para o porte populacional do município, em determinado espaço geográfico, no ano considerado.;1;1
201;Número de matrículas em creches;2;Inep: Censo Escolar da Educaçăo Básica;Número de matrículas de crianças em creches, em determinado espaço geográfico, no ano considerado.;4;0
202;Número de matrículas em pré-escolas;2;Inep: Censo Escolar da Educaçăo Básica;Número de matrículas de crianças em pré-escolas, em determinado espaço geográfico, no ano considerado.;4;0
203;Proporçăo de crianças de 0 a 3 anos que frequentam centros de educaçăo infantil;2;IBGE: Pesquisa Nacional por Amostras de Domicílios - Contínua (Pnad-C);Percentual de crianças de 0 a 3 anos que frequentam centros de educaçăo infantil em relaçăo à populaçăo total dessa faixa etária, em determinado espaço geográfico, no ano considerado.;4;1
204;Proporçăo de crianças de 4 e 5 anos que frequentam centros de educaçăo infantil;2;IBGE: Pesquisa Nacional por Amostras de Domicílios - Contínua (Pnad-C);Percentual de crianças de 4 e 5 anos que frequentam centros de educaçăo infantil em relaçăo à populaçăo total dessa faixa etária, em determinado espaço geográfico, no ano considerado.;4;1
205;Proporçăo de crianças de 0 a 3 anos fora do sistema de ensino;2;IBGE: Pesquisa Nacional por Amostras de Domicílios - Contínua (Pnad-C);Percentual de crianças de 0 a 3 anos que năo frequentam centros de educaçăo infantil em relaçăo à populaçăo total dessa faixa etária, em determinado espaço geográfico, no ano considerado.;4;1
206;Proporçăo de crianças de 4 e 5 anos fora do sistema de ensino;2;IBGE: Pesquisa Nacional por Amostras de Domicílios - Contínua (Pnad-C);Percentual de crianças de 4 e 5 anos que năo frequentam centros de educaçăo infantil em relaçăo à populaçăo total dessa faixa etária, em determinado espaço geográfico, no ano considerado.;4;1
207;Proporçăo de matrículas em tempo integral em creches;2;Inep: Censo Escolar da Educaçăo Básica;Percentual de matrículas de crianças em tempo integral (pelo menos 7 horas diárias) em creches em relaçăo ao total de matrículas na mesma etapa de ensino, em determinado espaço geográfico, no ano considerado.;4;1
208;Proporçăo de matrículas em tempo integral em pré-escolas;2;Inep: Censo Escolar da Educaçăo Básica;Percentual de matrículas de crianças em tempo integral (pelo menos 7 horas diárias) em pré-escolas em relaçăo ao total de matrículas na mesma etapa de ensino, em determinado espaço geográfico, no ano considerado.;4;1
209;Proporçăo de matrículas de crianças com deficiência, transtorno do espectro autista ou altas habilidades/superdotaçăo em classes comuns em creches;2;Inep: Censo Escolar da Educaçăo Básica;Percentual de matrículas de crianças com deficiência, transtorno do espectro autista ou altas habilidades/superdotaçăo em classes comuns de creches em relaçăo ao total de matrículas de crianças com deficiência, transtorno do espectro autista ou altas habilidades/superdotaçăo na mesma etapa de ensino, em determinado espaço geográfico, no ano considerado.;4;1
210;Proporçăo de matrículas de crianças com deficiência, transtorno do espectro autista ou altas habilidades/superdotaçăo em classes comuns em pré-escolas;2;Inep: Censo Escolar da Educaçăo Básica;Percentual de matrículas de crianças com deficiência, transtorno do espectro autista ou altas habilidades/superdotaçăo em classes comuns de pré-escolas em relaçăo ao total de matrículas de crianças com deficiência, transtorno do espectro autista ou altas habilidades/superdotaçăo na mesma etapa de ensino, em determinado espaço geográfico, no ano considerado.;4;1
211;Proporçăo de matrículas em creches sem recurso de acessibilidade;2;Inep: Censo Escolar da Educaçăo Básica;Percentual de matrículas de crianças em creches sem recurso de acessibilidade em relaçăo ao total de matrículas na mesma etapa de ensino, em determinado espaço geográfico, no ano considerado.;4;1
212;Proporçăo de matrículas em pré-escolas sem recurso de acessibilidade;2;Inep: Censo Escolar da Educaçăo Básica;Percentual de matrículas de crianças em pré-escolas sem recurso de acessibilidade em relaçăo ao total de matrículas na mesma etapa de ensino, em determinado espaço geográfico, no ano considerado.;4;1
213;Proporçăo de matrículas em creches com área externa, parque infantil ou brinquedos para educaçăo infantil;2;Inep: Censo Escolar da Educaçăo Básica;Percentual de matrículas de crianças em creches que possuem área externa, parque infantil ou brinquedos para educaçăo infantil em relaçăo ao total de matrículas na mesma etapa de ensino, em determinado espaço geográfico, no ano considerado.;4;1
214;Proporçăo de matrículas em pré-escolas com área externa, parque infantil ou brinquedos para educaçăo infantil;2;Inep: Censo Escolar da Educaçăo Básica;Percentual de matrículas de crianças em pré-escolas que possuem área externa, parque infantil ou brinquedos para educaçăo infantil em relaçăo ao total de matrículas na mesma etapa de ensino, em determinado espaço geográfico, no ano considerado.;4;1
215;Proporçăo de creches com regulamentaçăo no conselho ou órgăo de educaçăo;2;Inep: Censo Escolar da Educaçăo Básica;Percentual de creches com regulamentaçăo no conselho ou órgăo de educaçăo em relaçăo ao total de creches, em determinado espaço geográfico, no ano considerado.;4;1
216;Proporçăo de pré-escolas com regulamentaçăo no conselho ou órgăo de educaçăo;2;Inep: Censo Escolar da Educaçăo Básica;Percentual de pré-escolas com regulamentaçăo no conselho ou órgăo de educaçăo em relaçăo ao total de pré-escolas, em determinado espaço geográfico, no ano considerado.;4;1
217;Proporçăo de matrículas em creches com saneamento básico;2;Inep: Censo Escolar da Educaçăo Básica;Percentual de matrículas de crianças em creches com saneamento básico (com água encanada, esgotamento sanitário e coleta de lixo) em relaçăo ao total de matrículas de crianças na mesma etapa de ensino, em determinado espaço geográfico, no ano considerado.;4, 6;1
218;Proporçăo de matrículas em pré-escolas com saneamento básico;2;Inep: Censo Escolar da Educaçăo Básica;Percentual de matrículas de crianças em pré-escolas com saneamento básico (com água encanada, esgotamento sanitário e coleta de lixo) em relaçăo ao total de matrículas de crianças na mesma etapa de ensino, em determinado espaço geográfico, no ano considerado.;4, 6;1
219;Adequaçăo da formaçăo docente em creches;2;Inep: Diretoria de Estatísticas Educacionais (Deed);Classificaçăo dos/das docentes em cinco categorias, segundo a adequaçăo de sua formaçăo inicial para sua atuaçăo em creches, a partir dos marcos normativos nacionais, em determinado espaço geográfico, no ano considerado.;4;1
220;Adequaçăo da formaçăo docente em pré-escolas;2;Inep: Diretoria de Estatísticas Educacionais (Deed);Classificaçăo dos/das docentes em cinco categorias, segundo a adequaçăo de sua formaçăo inicial para sua atuaçăo em pré-escolas, a partir dos marcos normativos nacionais, em determinado espaço geográfico, no ano considerado.;4;1
221; Taxa de docentes com formaçăo continuada específica para atuaçăo em creches, para cada 1.000 docentes;2;Inep: Censo Escolar da Educaçăo Básica;Número de docentes com formaçăo continuada específica para atuaçăo em creches, por mil docentes, no total de docentes da mesma etapa de ensino, em determinado espaço geográfico, no ano considerado;4;0
222; Taxa de docentes com formaçăo continuada específica para atuaçăo em pré-escolas, para cada 1.000 docentes;2;Inep: Censo Escolar da Educaçăo Básica;Número de docentes com formaçăo continuada específica para atuaçăo em pré-escolas, por mil docentes, no total de docentes da mesma etapa de ensino, em determinado espaço geográfico, no ano considerado;4;0
301;Proporçăo cobertura vacinal;3;Ministério da Saúde: Sistema de Informaçơes do Programa Nacional de Imunizaçơes (SI-PNI);Percentual de vacinaçăo de vacinas específicas (BCG, Penta, Tríplice – 1ª e 2ª doses – e Hepatite B), em determinado espaço geográfico, no ano considerado.;3;1
303;Taxa de detecçăo de aids em menores de 5 anos, para cada 100 mil crianças;3;Ministério da Saúde: Departamento de Doenças de Condiçơes Crônicas e Infecçơes Sexualmente Transmissíveis;Número de novos casos de aids confirmados entre crianças de 0 a 4 anos para cada 100 mil crianças na mesma faixa etária em determinado espaço geográfico, no ano considerado.;3;0
304;Taxa de incidência de sífilis congênita, para cada mil crianças;3;Ministério da Saúde: Sistema de Informaçăo de Agravos de Notificaçăo (Sinan) e Sistema de Informaçơes sobre Nascidos Vivos (Sinasc);Número de novos casos de sífilis congênita, em cada mil crianças menores de 1 ano, em determinado espaço geográfico, por nascidos vivos de măes residentes no mesmo espaço geográfico, no ano considerado.;3;0
306;Prevalência de déficit de altura em menores de 5 anos;3;Ministério da Saúde: Sistema de Vigilância Alimentar e Nutricional (Sisvan);Percentual de crianças menores de 5 anos acompanhadas pelo Sistema de Vigilância Alimentar e Nutricional (Sisvan) com baixa estatura ou estatura muito baixa para a idade, em determinado espaço geográfico, no ano considerado.;2, 3;1
307;Prevalência de déficit de peso em menores de 5 anos;3;Ministério da Saúde: Sistema de Vigilância Alimentar e Nutricional (Sisvan);Percentual de crianças menores de 5 anos acompanhadas pelo Sistema de Vigilância Alimentar e Nutricional (Sisvan) com baixo peso ou peso muito baixo para a idade, em determinado espaço geográfico, no ano considerado.;2, 3;1
308;Prevalência de excesso de peso em crianças menores de 5 anos;3;Ministério da Saúde: Sistema de Vigilância Alimentar e Nutricional (Sisvan);Percentual de crianças menores de cinco anos acompanhadas pelo Sistema de Vigilância Alimentar e Nutricional (Sisvan) com sobrepeso ou obesidade, em determinado espaço geográfico, no ano considerado.;2, 3;1
309;Número de óbitos de crianças menores de 5 anos;3;Ministério da Saúde: Sistema de Informaçơes sobre Mortalidade (Sim);Número de óbitos de menores de 5 anos na populaçăo residente em determinado espaço geográfico, no ano considerado.;3;0
310;Taxa de mortalidade na infância, para cada mil nascidos vivos;3;Ministério da Saúde: Sistema de Informaçơes sobre Mortalidade (Sim) e Sistema de Informaçơes sobre Nascidos Vivos (Sinasc);Número de óbitos de menores de 5 anos, por mil nascidos vivos, na populaçăo residente em determinado espaço geográfico, no ano considerado.;3;0
311;Proporçăo de nascidos vivos cujas măes realizaram pelo menos sete consultas pré-natal;3;Ministério da Saúde: Sistema de Informaçơes sobre Nascidos Vivos (Sinasc);Percentual de mulheres com filhos nascidos vivos que realizaram pelo menos 7 consultas de pré-natal em relaçăo ao total de mulheres com filhos nascidos vivos, na populaçăo residente em determinado espaço geográfico, no ano considerado.;3, 5;1
312;Proporçăo de parto vaginal;3;Ministério da Saúde: Sistema de Informaçơes sobre Nascidos Vivos (Sinasc);Percentual de partos vaginais em relaçăo ao total de partos, na populaçăo residente em determinado espaço geográfico, no ano considerado.;3, 5;1
313;Número de óbitos de mulheres gestantes ou puerperais, por causas e condiçơes consideradas de morte materna;3;Ministério da Saúde: Sistema de Informaçơes sobre Mortalidade (Sim);Número de óbitos de mulheres gestantes ou puerperais por causas e condiçơes consideradas de morte materna na populaçăor residente em determinado espaço geográfico, no ano considerado.;3;0
314;Taxa de mortalidade materna, para cada 100 mil nascidos vivos;3;Ministério da Saúde: Sistema de Informaçơes sobre Mortalidade (Sim) e Sistema de Informaçơes sobre Nascidos Vivos (Sinasc);Número de óbitos maternos, por 100 mil nascidos vivos de măes residentes, em determinado espaço geográfico, no ano considerado.;3;0
315;Proporçăo de hospitais com UTI neonatal que possuem serviço banco de leite humano;3;Ministério da Saúde: Cadastro Nacional de Estabelecimentos do SUS (CNES);Percentual de hospitais com UTI neonatal com serviço de banco de leite humano em relaçăo ao total de hospitais com UTI neonatal, em determinado espaço geográfico, no ano considerado.;3;1
316;Cobertura populacional estimada na Atençăo Primária;3;Ministério da Saúde: Secretaria de Atençăo Primária à Saúde do Ministério da Saúde (SAPS/MS);Percentual da populaçăo coberta por equipes da Estratégia de Saúde da Família e por equipes de Atençăo Primária tradicional equivalentes e parametrizadas em relaçăo à estimativa populacional, em determinado espaço geográfico, no ano considerado.;3;1
317;Cobertura de saúde bucal;3;Ministério da Saúde: Secretaria de Atençăo Primária à Saúde do Ministério da Saúde (SAPS/MS);Percentual da populaçăo coberta por equipes de Saúde Bucal vinculadas às Equipes de Saúde da Família e por equipes de Saúde Bucal equivalentes e parametrizadas na Atençăo Primária tradicional em relaçăo à estimativa populacional, em determinado espaço geográfico, no ano considerado.;3;1
318;Proporçăo de crianças de 0 a 5 anos em domicílios com acesso a saneamento básico;3;IBGE: Pesquisa Nacional por Amostras de Domicílios - Contínua (Pnad-C);Percentual de crianças de 0 a 5 anos residentes em domicílios com acesso a rede de esgoto, água encanada e coleta de lixo, em determinado espaço geográfico, no ano considerado.;1, 6, 11;1
