ID,ID_INDICADOR,CLASSIFICAÇÃO,DESCRIÇÃO
1,1,Sexo,Masculino
2,1,Sexo,Feminino
3,1,Local de residência,Urbano
4,1,Local de residência,Rural
5,1,Dependência administrativa,Privada
6,1,Dependência administrativa,Estadual
7,1,Dependência administrativa,Federal
8,1,Dependência administrativa,Conveniada
9,1,Deficiência,Sim
10,1,Deficiência,Não
11,1,x2,Creche
12,1,x2,Pré-escola
13,2,Sexo,Masculino
14,2,Sexo,Feminino
15,2,Local de residência,Urbano
16,2,Local de residência,Rural
17,2,Dependência administrativa,Privada
18,2,Dependência administrativa,Estadual
19,2,Dependência administrativa,Federal
20,2,Dependência administrativa,Conveniada
21,2,Tipo,Surdez
22,2,Tipo,Visual
23,2,Tipo,Motora
24,2,Tipo,Múltipla
25,2,Tipo,Intelectual
26,2,Tipo,Outro
27,2,x2,Creche
28,2,Tipo,Pré-escola
