ID,DESCRIÇÃO,EIXO_TEMÁTICO,TIPO,BASE
1,Número de matrículas de educação infantil,Assistência Social,Inteiro,Censo Escolar - Matrículas
2,Proporção de crianças com deficiência matriculadas em turmas do ensino regular da educação infantil,Educação,Inteiro,Censo Escolar - Matrículas
3,"Proporção de crianças da educação infantil em escolas com área externa, biblioteca ou sala de leitura e parque infantil",Assistência Social,Inteiro,Censo Escolar - Matrículas
4,Proporção de crianças da educação infantil em escolas com saneamento básico,Educação,Inteiro,Censo Escolar - Matrículas
5,Proporção de crianças que estudam na educação infantil em tempo integral,Assistência Social,Inteiro,Censo Escolar - Matrículas
