Tema;Indicador;ID;Nome;Classificador;É porcentagem;É Big Number
1;102;12;Feminino;Sexo do/a cuidador/a;1;1
1;102;13;Masculino;Sexo do/a cuidador/a;1;1
1;102;14;Branca;Cor ou Raça do/a cuidador/a;1;1
1;102;15;Negra;Cor ou Raça do/a cuidador/a;1;1
1;102;18;Auxilio nos cuidados pessoais;Tarefas de cuidado com crianças de 0 a 5 anos no domicílio;1;0
1;102;19;Auxílio em atividades educacionais;Tarefas de cuidado com crianças de 0 a 5 anos no domicílio;1;0
1;102;20;Auxílio em ler, jogar ou brincar;Tarefas de cuidado com crianças de 0 a 5 anos no domicílio;1;0
1;102;21;Monitorar ou fazer companhia;Tarefas de cuidado com crianças de 0 a 5 anos no domicílio;1;0
1;102;22;Transportar ou acompanhar para escola, médico, etc;Tarefas de cuidado com crianças de 0 a 5 anos no domicílio;1;0
1;102;23;Outras tarefas de cuidados;Tarefas de cuidado com crianças de 0 a 5 anos no domicílio;1;0
1;103;1;Feminino;Sexo da criança;1;1
1;103;2;Masculino;Sexo da criança;1;1
1;103;3;Branca;Cor ou Raça da criança;1;1
1;103;4;Negra;Cor ou Raça da criança;1;1
1;103;8;0 a 2 anos de idade;Faixa etária da criança - I;1;1
1;103;9;3 a 5 anos de idade;Faixa etária da criança - I ;1;1
1;103;24;Até 1/4 de salário mínimo;Renda domiciliar per capita - I;1;1
1;104;1;Feminino;Sexo da criança;1;1
1;104;2;Masculino;Sexo da criança;1;1
1;104;3;Branca;Cor ou Raça da criança;1;1
1;104;4;Negra;Cor ou Raça da criança;1;1
1;104;8;0 a 2 anos de idade;Faixa etária da criança - I;1;1
1;104;9;3 a 5 anos de idade;Faixa etária da criança - I ;1;1
1;104;16;Urbano;Localização do domicílio;1;1
1;104;17;Rural;Localização do domicílio;1;1
1;108;181;Acolhimento em Famílias Acolhedoras;Modalidade de acolhimento;1;1
1;108;182;Acolhimento Institucional;Modalidade de acolhimento;1;1
1;111;1;Feminino;Sexo da criança;1;1
1;111;2;Masculino;Sexo da criança;1;1
1;111;3;Branca;Cor ou Raça da criança;1;1
1;111;4;Negra;Cor ou Raça da criança;1;1
1;111;8;0 a 2 anos de idade;Faixa etária da criança - I;1;1
1;111;9;3 a 5 anos de idade;Faixa etária da criança - I ;1;1
1;111;16;Urbano;Localização do domicílio;1;1
1;111;17;Rural;Localização do domicílio;1;1
2;201;1;Feminino;Sexo da criança;0;1
2;201;2;Masculino;Sexo da criança;0;1
2;201;3;Branca;Cor ou Raça da criança;0;0
2;201;4;Negra;Cor ou Raça da criança;0;0
2;201;5;Amarela;Cor ou Raça da criança;0;0
2;201;6;Indígena;Cor ou Raça da criança;0;0
2;201;7;Cor ou Raça ignorada;Cor ou Raça da criança;0;0
2;201;30;Urbano;Localização da creche ou pré-escola;0;1
2;201;31;Rural;Localização da creche ou pré-escola;0;1
2;201;32;Sim;Criança com deficiência, transtorno do espectro autista ou altas habilidades/superdotação;0;1
2;201;33;Não;Criança com deficiência, transtorno do espectro autista ou altas habilidades/superdotação;0;1
2;201;34;Rede Pública;Dependência Administrativa da creche ou pré-escola - I;0;0
2;201;35;Rede Privada conveniada com o Poder Público;Dependência Administrativa da creche ou pré-escola - I;0;0
2;201;36;Rede Privada não conveniada com o Poder Público;Dependência Administrativa da creche ou pré-escola - I;0;0
2;201;37;Rede federal;Dependência Administrativa da creche ou pré-escola - II;0;0
2;201;38;Rede estadual;Dependência Administrativa da creche ou pré-escola - II;0;0
2;201;39;Rede municipal;Dependência Administrativa da creche ou pré-escola - II;0;0
2;201;40;Rede Privada conveniada com o Poder Público;Dependência Administrativa da creche ou pré-escola - II;0;0
2;201;41;Rede Privada não conveniada com o Poder Público;Dependência Administrativa da creche ou pré-escola - II;0;0
2;201;42;Baixa visão;Deficiência, transtorno do espectro autista ou superdotação/altas habilidades;0;0
2;201;43;Cegueira;Deficiência, transtorno do espectro autista ou superdotação/altas habilidades;0;0
2;201;44;Deficiência auditiva;Deficiência, transtorno do espectro autista ou superdotação/altas habilidades;0;0
2;201;45;Surdez;Deficiência, transtorno do espectro autista ou superdotação/altas habilidades;0;0
2;201;46;Surdocegueira;Deficiência, transtorno do espectro autista ou superdotação/altas habilidades;0;0
2;201;47;Deficiência física;Deficiência, transtorno do espectro autista ou superdotação/altas habilidades;0;0
2;201;48;Deficiência intelectual;Deficiência, transtorno do espectro autista ou superdotação/altas habilidades;0;0
2;201;49;Deficiência múltipla;Deficiência, transtorno do espectro autista ou superdotação/altas habilidades;0;0
2;201;50;Autismo;Deficiência, transtorno do espectro autista ou superdotação/altas habilidades;0;0
2;201;51;Superdotação/altas habilidades;Deficiência, transtorno do espectro autista ou superdotação/altas habilidades;0;0
2;202;1;Feminino;Sexo da criança;0;1
2;202;2;Masculino;Sexo da criança;0;1
2;202;3;Branca;Cor ou Raça da criança;0;0
2;202;4;Negra;Cor ou Raça da criança;0;0
2;202;5;Amarela;Cor ou Raça da criança;0;0
2;202;6;Indígena;Cor ou Raça da criança;0;0
2;202;7;Cor ou Raça ignorada;Cor ou Raça da criança;0;0
2;202;30;Urbano;Localização da creche ou pré-escola;0;1
2;202;31;Rural;Localização da creche ou pré-escola;0;1
2;202;32;Sim;Criança com deficiência, transtorno do espectro autista ou altas habilidades/superdotação;0;1
2;202;33;Não;Criança com deficiência, transtorno do espectro autista ou altas habilidades/superdotação;0;1
2;202;34;Rede Pública;Dependência Administrativa da creche ou pré-escola - I;0;0
2;202;35;Rede Privada conveniada com o Poder Público;Dependência Administrativa da creche ou pré-escola - I;0;0
2;202;36;Rede Privada não conveniada com o Poder Público;Dependência Administrativa da creche ou pré-escola - I;0;0
2;202;37;Rede federal;Dependência Administrativa da creche ou pré-escola - II;0;0
2;202;38;Rede estadual;Dependência Administrativa da creche ou pré-escola - II;0;0
2;202;39;Rede municipal;Dependência Administrativa da creche ou pré-escola - II;0;0
2;202;40;Rede Privada conveniada com o Poder Público;Dependência Administrativa da creche ou pré-escola - II;0;0
2;202;41;Rede Privada não conveniada com o Poder Público;Dependência Administrativa da creche ou pré-escola - II;0;0
2;202;42;Baixa visão;Deficiência, transtorno do espectro autista ou superdotação/altas habilidades;0;0
2;202;43;Cegueira;Deficiência, transtorno do espectro autista ou superdotação/altas habilidades;0;0
2;202;44;Deficiência auditiva;Deficiência, transtorno do espectro autista ou superdotação/altas habilidades;0;0
2;202;45;Surdez;Deficiência, transtorno do espectro autista ou superdotação/altas habilidades;0;0
2;202;46;Surdocegueira;Deficiência, transtorno do espectro autista ou superdotação/altas habilidades;0;0
2;202;47;Deficiência física;Deficiência, transtorno do espectro autista ou superdotação/altas habilidades;0;0
2;202;48;Deficiência intelectual;Deficiência, transtorno do espectro autista ou superdotação/altas habilidades;0;0
2;202;49;Deficiência múltipla;Deficiência, transtorno do espectro autista ou superdotação/altas habilidades;0;0
2;202;50;Autismo;Deficiência, transtorno do espectro autista ou superdotação/altas habilidades;0;0
2;202;51;Superdotação/altas habilidades;Deficiência, transtorno do espectro autista ou superdotação/altas habilidades;0;0
2;203;1;Feminino;Sexo da criança;1;1
2;203;2;Masculino;Sexo da criança;1;1
2;203;3;Branca;Cor ou Raça da criança;1;1
2;203;4;Negra;Cor ou Raça da criança;1;1
2;203;26;25% mais pobres;Renda domiciliar per capita - II;1;1
2;203;27;25% mais ricos;Renda domiciliar per capita - II;1;1
2;204;1;Feminino;Sexo da criança;1;1
2;204;2;Masculino;Sexo da criança;1;1
2;204;3;Branca;Cor ou Raça da criança;1;1
2;204;4;Negra;Cor ou Raça da criança;1;1
2;204;26;25% mais pobres;Renda domiciliar per capita - II;1;1
2;204;27;25% mais ricos;Renda domiciliar per capita - II;1;1
2;205;1;Feminino;Sexo da criança;1;1
2;205;2;Masculino;Sexo da criança;1;1
2;205;3;Branca;Cor ou Raça da criança;1;1
2;205;4;Negra;Cor ou Raça da criança;1;1
2;205;26;25% mais pobres;Renda domiciliar per capita - II;1;1
2;205;27;25% mais ricos;Renda domiciliar per capita - II;1;1
2;205;68;Sem escola ou creche próxima;Motivo de não frequentar creche ou escola;1;0
2;205;69;Sem vagas disponíveis;Motivo de não frequentar creche ou escola;1;0
2;205;70;Falta de dinheiro para pagar as despesas;Motivo de não frequentar creche ou escola;1;0
2;205;71;Os pais ou responsáveis não querem que frequente;Motivo de não frequentar creche ou escola;1;0
2;205;72;Problema de saúde ou de deficiência;Motivo de não frequentar creche ou escola;1;0
2;205;73;Outro motivo;Motivo de não frequentar creche ou escola;1;0
2;206;1;Feminino;Sexo da criança;1;1
2;206;2;Masculino;Sexo da criança;1;1
2;206;3;Branca;Cor ou Raça da criança;1;1
2;206;4;Negra;Cor ou Raça da criança;1;1
2;206;26;25% mais pobres;Renda domiciliar per capita - II;1;1
2;206;27;25% mais ricos;Renda domiciliar per capita - II;1;1
2;206;68;Sem escola ou creche próxima;Motivo de não frequentar creche ou escola;1;0
2;206;69;Sem vagas disponíveis;Motivo de não frequentar creche ou escola;1;0
2;206;70;Falta de dinheiro para pagar as despesas;Motivo de não frequentar creche ou escola;1;0
2;206;71;Os pais ou responsáveis não querem que frequente;Motivo de não frequentar creche ou escola;1;0
2;206;72;Problema de saúde ou de deficiência;Motivo de não frequentar creche ou escola;1;0
2;206;73;Outro motivo;Motivo de não frequentar creche ou escola;1;0
2;207;1;Feminino;Sexo da criança;1;1
2;207;2;Masculino;Sexo da criança;1;1
2;207;3;Branca;Cor ou Raça da criança;1;0
2;207;4;Negra;Cor ou Raça da criança;1;0
2;207;5;Amarela;Cor ou Raça da criança;1;0
2;207;6;Indígena;Cor ou Raça da criança;1;0
2;207;7;Cor ou Raça ignorada;Cor ou Raça da criança;1;0
2;207;30;Urbano;Localização da creche ou pré-escola;1;1
2;207;31;Rural;Localização da creche ou pré-escola;1;1
2;207;32;Sim;Criança com deficiência, transtorno do espectro autista ou altas habilidades/superdotação;1;1
2;207;33;Não;Criança com deficiência, transtorno do espectro autista ou altas habilidades/superdotação;1;1
2;207;34;Rede Pública;Dependência Administrativa da creche ou pré-escola - I;1;0
2;207;35;Rede Privada conveniada com o Poder Público;Dependência Administrativa da creche ou pré-escola - I;1;0
2;207;36;Rede Privada não conveniada com o Poder Público;Dependência Administrativa da creche ou pré-escola - I;1;0
2;207;37;Rede federal;Dependência Administrativa da creche ou pré-escola - II;1;0
2;207;38;Rede estadual;Dependência Administrativa da creche ou pré-escola - II;1;0
2;207;39;Rede municipal;Dependência Administrativa da creche ou pré-escola - II;1;0
2;207;40;Rede Privada conveniada com o Poder Público;Dependência Administrativa da creche ou pré-escola - II;1;0
2;207;41;Rede Privada não conveniada com o Poder Público;Dependência Administrativa da creche ou pré-escola - II;1;0
2;208;1;Feminino;Sexo da criança;1;1
2;208;2;Masculino;Sexo da criança;1;1
2;208;3;Branca;Cor ou Raça da criança;1;0
2;208;4;Negra;Cor ou Raça da criança;1;0
2;208;5;Amarela;Cor ou Raça da criança;1;0
2;208;6;Indígena;Cor ou Raça da criança;1;0
2;208;7;Cor ou Raça ignorada;Cor ou Raça da criança;1;0
2;208;30;Urbano;Localização da creche ou pré-escola;1;1
2;208;31;Rural;Localização da creche ou pré-escola;1;1
2;208;32;Sim;Criança com deficiência, transtorno do espectro autista ou altas habilidades/superdotação;1;1
2;208;33;Não;Criança com deficiência, transtorno do espectro autista ou altas habilidades/superdotação;1;1
2;208;34;Rede Pública;Dependência Administrativa da creche ou pré-escola - I;1;0
2;208;35;Rede Privada conveniada com o Poder Público;Dependência Administrativa da creche ou pré-escola - I;1;0
2;208;36;Rede Privada não conveniada com o Poder Público;Dependência Administrativa da creche ou pré-escola - I;1;0
2;208;37;Rede federal;Dependência Administrativa da creche ou pré-escola - II;1;0
2;208;38;Rede estadual;Dependência Administrativa da creche ou pré-escola - II;1;0
2;208;39;Rede municipal;Dependência Administrativa da creche ou pré-escola - II;1;0
2;208;40;Rede Privada conveniada com o Poder Público;Dependência Administrativa da creche ou pré-escola - II;1;0
2;208;41;Rede Privada não conveniada com o Poder Público;Dependência Administrativa da creche ou pré-escola - II;1;0
2;209;1;Feminino;Sexo da criança;1;1
2;209;2;Masculino;Sexo da criança;1;1
2;209;3;Branca;Cor ou Raça da criança;1;0
2;209;4;Negra;Cor ou Raça da criança;1;0
2;209;5;Amarela;Cor ou Raça da criança;1;0
2;209;6;Indígena;Cor ou Raça da criança;1;0
2;209;7;Cor ou Raça ignorada;Cor ou Raça da criança;1;0
2;209;30;Urbano;Localização da creche ou pré-escola;1;1
2;209;31;Rural;Localização da creche ou pré-escola;1;1
2;209;34;Rede Pública;Dependência Administrativa da creche ou pré-escola - I;1;0
2;209;35;Rede Privada conveniada com o Poder Público;Dependência Administrativa da creche ou pré-escola - I;1;0
2;209;36;Rede Privada não conveniada com o Poder Público;Dependência Administrativa da creche ou pré-escola - I;1;0
2;209;37;Rede federal;Dependência Administrativa da creche ou pré-escola - II;1;0
2;209;38;Rede estadual;Dependência Administrativa da creche ou pré-escola - II;1;0
2;209;39;Rede municipal;Dependência Administrativa da creche ou pré-escola - II;1;0
2;209;40;Rede Privada conveniada com o Poder Público;Dependência Administrativa da creche ou pré-escola - II;1;0
2;209;41;Rede Privada não conveniada com o Poder Público;Dependência Administrativa da creche ou pré-escola - II;1;0
2;209;42;Baixa visão;Deficiência, transtorno do espectro autista ou superdotação/altas habilidades;1;0
2;209;43;Cegueira;Deficiência, transtorno do espectro autista ou superdotação/altas habilidades;1;0
2;209;44;Deficiência auditiva;Deficiência, transtorno do espectro autista ou superdotação/altas habilidades;1;0
2;209;45;Surdez;Deficiência, transtorno do espectro autista ou superdotação/altas habilidades;1;0
2;209;46;Surdocegueira;Deficiência, transtorno do espectro autista ou superdotação/altas habilidades;1;0
2;209;47;Deficiência física;Deficiência, transtorno do espectro autista ou superdotação/altas habilidades;1;0
2;209;48;Deficiência intelectual;Deficiência, transtorno do espectro autista ou superdotação/altas habilidades;1;0
2;209;49;Deficiência múltipla;Deficiência, transtorno do espectro autista ou superdotação/altas habilidades;1;0
2;209;50;Autismo;Deficiência, transtorno do espectro autista ou superdotação/altas habilidades;1;0
2;209;51;Superdotação/altas habilidades;Deficiência, transtorno do espectro autista ou superdotação/altas habilidades;1;0
2;209;52;Sim;Matrículas no Atendimento Educacional Especializado;1;1
2;209;53;Não;Matrículas no Atendimento Educacional Especializado;1;1
2;210;1;Feminino;Sexo da criança;1;1
2;210;2;Masculino;Sexo da criança;1;1
2;210;3;Branca;Cor ou Raça da criança;1;0
2;210;4;Negra;Cor ou Raça da criança;1;0
2;210;5;Amarela;Cor ou Raça da criança;1;0
2;210;6;Indígena;Cor ou Raça da criança;1;0
2;210;7;Cor ou Raça ignorada;Cor ou Raça da criança;1;0
2;210;30;Urbano;Localização da creche ou pré-escola;1;1
2;210;31;Rural;Localização da creche ou pré-escola;1;1
2;210;34;Rede Pública;Dependência Administrativa da creche ou pré-escola - I;1;0
2;210;35;Rede Privada conveniada com o Poder Público;Dependência Administrativa da creche ou pré-escola - I;1;0
2;210;36;Rede Privada não conveniada com o Poder Público;Dependência Administrativa da creche ou pré-escola - I;1;0
2;210;37;Rede federal;Dependência Administrativa da creche ou pré-escola - II;1;0
2;210;38;Rede estadual;Dependência Administrativa da creche ou pré-escola - II;1;0
2;210;39;Rede municipal;Dependência Administrativa da creche ou pré-escola - II;1;0
2;210;40;Rede Privada conveniada com o Poder Público;Dependência Administrativa da creche ou pré-escola - II;1;0
2;210;41;Rede Privada não conveniada com o Poder Público;Dependência Administrativa da creche ou pré-escola - II;1;0
2;210;42;Baixa visão;Deficiência, transtorno do espectro autista ou superdotação/altas habilidades;1;0
2;210;43;Cegueira;Deficiência, transtorno do espectro autista ou superdotação/altas habilidades;1;0
2;210;44;Deficiência auditiva;Deficiência, transtorno do espectro autista ou superdotação/altas habilidades;1;0
2;210;45;Surdez;Deficiência, transtorno do espectro autista ou superdotação/altas habilidades;1;0
2;210;46;Surdocegueira;Deficiência, transtorno do espectro autista ou superdotação/altas habilidades;1;0
2;210;47;Deficiência física;Deficiência, transtorno do espectro autista ou superdotação/altas habilidades;1;0
2;210;48;Deficiência intelectual;Deficiência, transtorno do espectro autista ou superdotação/altas habilidades;1;0
2;210;49;Deficiência múltipla;Deficiência, transtorno do espectro autista ou superdotação/altas habilidades;1;0
2;210;50;Autismo;Deficiência, transtorno do espectro autista ou superdotação/altas habilidades;1;0
2;210;51;Superdotação/altas habilidades;Deficiência, transtorno do espectro autista ou superdotação/altas habilidades;1;0
2;210;52;Sim;Matrículas no Atendimento Educacional Especializado;1;1
2;210;53;Não;Matrículas no Atendimento Educacional Especializado;1;1
2;211;1;Feminino;Sexo da criança;1;1
2;211;2;Masculino;Sexo da criança;1;1
2;211;3;Branca;Cor ou Raça da criança;1;0
2;211;4;Negra;Cor ou Raça da criança;1;0
2;211;5;Amarela;Cor ou Raça da criança;1;0
2;211;6;Indígena;Cor ou Raça da criança;1;0
2;211;7;Cor ou Raça ignorada;Cor ou Raça da criança;1;0
2;211;30;Urbano;Localização da creche ou pré-escola;1;1
2;211;31;Rural;Localização da creche ou pré-escola;1;1
2;211;32;Sim;Criança com deficiência, transtorno do espectro autista ou altas habilidades/superdotação;1;1
2;211;33;Não;Criança com deficiência, transtorno do espectro autista ou altas habilidades/superdotação;1;1
2;211;34;Rede Pública;Dependência Administrativa da creche ou pré-escola - I;1;0
2;211;35;Rede Privada conveniada com o Poder Público;Dependência Administrativa da creche ou pré-escola - I;1;0
2;211;36;Rede Privada não conveniada com o Poder Público;Dependência Administrativa da creche ou pré-escola - I;1;0
2;211;37;Rede federal;Dependência Administrativa da creche ou pré-escola - II;1;0
2;211;38;Rede estadual;Dependência Administrativa da creche ou pré-escola - II;1;0
2;211;39;Rede municipal;Dependência Administrativa da creche ou pré-escola - II;1;0
2;211;40;Rede Privada conveniada com o Poder Público;Dependência Administrativa da creche ou pré-escola - II;1;0
2;211;41;Rede Privada não conveniada com o Poder Público;Dependência Administrativa da creche ou pré-escola - II;1;0
2;211;54;Prédio escolar;Local de funcionamento do estabelecimento de ensino;1;1
2;211;55;Outro tipo de estabelecimento;Local de funcionamento do estabelecimento de ensino;1;1
2;211;56;Sim;Prédio compartilhado com outra escola;1;1
2;211;57;Não;Prédio compartilhado com outra escola;1;1
2;211;58;Com banheiro para público com necessidades especiais;Recursos de acessibilidade para pessoas com deficiência ou mobilidade reduzida;1;1
2;211;59;Existência de pelo menos um item de acessibilidade nas vias de circulação interna;Recursos de acessibilidade para pessoas com deficiência ou mobilidade reduzida;1;1
2;212;1;Feminino;Sexo da criança;1;1
2;212;2;Masculino;Sexo da criança;1;1
2;212;3;Branca;Cor ou Raça da criança;1;0
2;212;4;Negra;Cor ou Raça da criança;1;0
2;212;5;Amarela;Cor ou Raça da criança;1;0
2;212;6;Indígena;Cor ou Raça da criança;1;0
2;212;7;Cor ou Raça ignorada;Cor ou Raça da criança;1;0
2;212;30;Urbano;Localização da creche ou pré-escola;1;1
2;212;31;Rural;Localização da creche ou pré-escola;1;1
2;212;32;Sim;Criança com deficiência, transtorno do espectro autista ou altas habilidades/superdotação;1;1
2;212;33;Não;Criança com deficiência, transtorno do espectro autista ou altas habilidades/superdotação;1;1
2;212;34;Rede Pública;Dependência Administrativa da creche ou pré-escola - I;1;0
2;212;35;Rede Privada conveniada com o Poder Público;Dependência Administrativa da creche ou pré-escola - I;1;0
2;212;36;Rede Privada não conveniada com o Poder Público;Dependência Administrativa da creche ou pré-escola - I;1;0
2;212;37;Rede federal;Dependência Administrativa da creche ou pré-escola - II;1;0
2;212;38;Rede estadual;Dependência Administrativa da creche ou pré-escola - II;1;0
2;212;39;Rede municipal;Dependência Administrativa da creche ou pré-escola - II;1;0
2;212;40;Rede Privada conveniada com o Poder Público;Dependência Administrativa da creche ou pré-escola - II;1;0
2;212;41;Rede Privada não conveniada com o Poder Público;Dependência Administrativa da creche ou pré-escola - II;1;0
2;212;54;Prédio escolar;Local de funcionamento do estabelecimento de ensino;1;1
2;212;55;Outro tipo de estabelecimento;Local de funcionamento do estabelecimento de ensino;1;1
2;212;56;Sim;Prédio compartilhado com outra escola;1;1
2;212;57;Não;Prédio compartilhado com outra escola;1;1
2;212;58;Com banheiro para público com necessidades especiais;Recursos de acessibilidade para pessoas com deficiência ou mobilidade reduzida;1;1
2;212;59;Existência de pelo menos um item de acessibilidade nas vias de circulação interna;Recursos de acessibilidade para pessoas com deficiência ou mobilidade reduzida;1;1
2;213;1;Feminino;Sexo da criança;1;1
2;213;2;Masculino;Sexo da criança;1;1
2;213;3;Branca;Cor ou Raça da criança;1;0
2;213;4;Negra;Cor ou Raça da criança;1;0
2;213;5;Amarela;Cor ou Raça da criança;1;0
2;213;6;Indígena;Cor ou Raça da criança;1;0
2;213;7;Cor ou Raça ignorada;Cor ou Raça da criança;1;0
2;213;30;Urbano;Localização da creche ou pré-escola;1;1
2;213;31;Rural;Localização da creche ou pré-escola;1;1
2;213;32;Sim;Criança com deficiência, transtorno do espectro autista ou altas habilidades/superdotação;1;1
2;213;33;Não;Criança com deficiência, transtorno do espectro autista ou altas habilidades/superdotação;1;1
2;213;34;Rede Pública;Dependência Administrativa da creche ou pré-escola - I;1;0
2;213;35;Rede Privada conveniada com o Poder Público;Dependência Administrativa da creche ou pré-escola - I;1;0
2;213;36;Rede Privada não conveniada com o Poder Público;Dependência Administrativa da creche ou pré-escola - I;1;0
2;213;37;Rede federal;Dependência Administrativa da creche ou pré-escola - II;1;0
2;213;38;Rede estadual;Dependência Administrativa da creche ou pré-escola - II;1;0
2;213;39;Rede municipal;Dependência Administrativa da creche ou pré-escola - II;1;0
2;213;40;Rede Privada conveniada com o Poder Público;Dependência Administrativa da creche ou pré-escola - II;1;0
2;213;41;Rede Privada não conveniada com o Poder Público;Dependência Administrativa da creche ou pré-escola - II;1;0
2;213;54;Prédio escolar;Local de funcionamento do estabelecimento de ensino;1;1
2;213;55;Outro tipo de estabelecimento;Local de funcionamento do estabelecimento de ensino;1;1
2;213;56;Sim;Prédio compartilhado com outra escola;1;1
2;213;57;Não;Prédio compartilhado com outra escola;1;1
2;213;60;Área verde;Item presente no centro de educação infantil;1;0
2;213;61;Parque infantil;Item presente no centro de educação infantil;1;0
2;213;62;Instrumentos, materiais socioculturais e/ou pedagógicos para educação infantil;Item presente no centro de educação infantil;1;0
2;214;1;Feminino;Sexo da criança;1;1
2;214;2;Masculino;Sexo da criança;1;1
2;214;3;Branca;Cor ou Raça da criança;1;0
2;214;4;Negra;Cor ou Raça da criança;1;0
2;214;5;Amarela;Cor ou Raça da criança;1;0
2;214;6;Indígena;Cor ou Raça da criança;1;0
2;214;7;Cor ou Raça ignorada;Cor ou Raça da criança;1;0
2;214;30;Urbano;Localização da creche ou pré-escola;1;1
2;214;31;Rural;Localização da creche ou pré-escola;1;1
2;214;32;Sim;Criança com deficiência, transtorno do espectro autista ou altas habilidades/superdotação;1;1
2;214;33;Não;Criança com deficiência, transtorno do espectro autista ou altas habilidades/superdotação;1;1
2;214;34;Rede Pública;Dependência Administrativa da creche ou pré-escola - I;1;0
2;214;35;Rede Privada conveniada com o Poder Público;Dependência Administrativa da creche ou pré-escola - I;1;0
2;214;36;Rede Privada não conveniada com o Poder Público;Dependência Administrativa da creche ou pré-escola - I;1;0
2;214;37;Rede federal;Dependência Administrativa da creche ou pré-escola - II;1;0
2;214;38;Rede estadual;Dependência Administrativa da creche ou pré-escola - II;1;0
2;214;39;Rede municipal;Dependência Administrativa da creche ou pré-escola - II;1;0
2;214;40;Rede Privada conveniada com o Poder Público;Dependência Administrativa da creche ou pré-escola - II;1;0
2;214;41;Rede Privada não conveniada com o Poder Público;Dependência Administrativa da creche ou pré-escola - II;1;0
2;214;54;Prédio escolar;Local de funcionamento do estabelecimento de ensino;1;1
2;214;55;Outro tipo de estabelecimento;Local de funcionamento do estabelecimento de ensino;1;1
2;214;56;Sim;Prédio compartilhado com outra escola;1;1
2;214;57;Não;Prédio compartilhado com outra escola;1;1
2;214;60;Área verde;Item presente no centro de educação infantil;1;0
2;214;61;Parque infantil;Item presente no centro de educação infantil;1;0
2;214;62;Instrumentos, materiais socioculturais e/ou pedagógicos para educação infantil;Item presente no centro de educação infantil;1;0
2;215;30;Urbano;Localização da creche ou pré-escola;1;1
2;215;31;Rural;Localização da creche ou pré-escola;1;1
2;215;34;Rede Pública;Dependência Administrativa da creche ou pré-escola - I;1;0
2;215;35;Rede Privada conveniada com o Poder Público;Dependência Administrativa da creche ou pré-escola - I;1;0
2;215;36;Rede Privada não conveniada com o Poder Público;Dependência Administrativa da creche ou pré-escola - I;1;0
2;215;37;Rede federal;Dependência Administrativa da creche ou pré-escola - II;1;0
2;215;38;Rede estadual;Dependência Administrativa da creche ou pré-escola - II;1;0
2;215;39;Rede municipal;Dependência Administrativa da creche ou pré-escola - II;1;0
2;215;40;Rede Privada conveniada com o Poder Público;Dependência Administrativa da creche ou pré-escola - II;1;0
2;215;41;Rede Privada não conveniada com o Poder Público;Dependência Administrativa da creche ou pré-escola - II;1;0
2;215;63;Sem localização diferenciada;Localização diferenciada da escola;1;0
2;215;64;Área de assentamento;Localização diferenciada da escola;1;0
2;215;65;Terra indígena;Localização diferenciada da escola;1;0
2;215;66;Área remanescente de quilombos;Localização diferenciada da escola;1;0
2;215;67;Área de uso sustentável;Localização diferenciada da escola;1;0
2;216;30;Urbano;Localização da creche ou pré-escola;1;1
2;216;31;Rural;Localização da creche ou pré-escola;1;1
2;216;34;Rede Pública;Dependência Administrativa da creche ou pré-escola - I;1;0
2;216;35;Rede Privada conveniada com o Poder Público;Dependência Administrativa da creche ou pré-escola - I;1;0
2;216;36;Rede Privada não conveniada com o Poder Público;Dependência Administrativa da creche ou pré-escola - I;1;0
2;216;37;Rede federal;Dependência Administrativa da creche ou pré-escola - II;1;0
2;216;38;Rede estadual;Dependência Administrativa da creche ou pré-escola - II;1;0
2;216;39;Rede municipal;Dependência Administrativa da creche ou pré-escola - II;1;0
2;216;40;Rede Privada conveniada com o Poder Público;Dependência Administrativa da creche ou pré-escola - II;1;0
2;216;41;Rede Privada não conveniada com o Poder Público;Dependência Administrativa da creche ou pré-escola - II;1;0
2;216;63;Sem localização diferenciada;Localização diferenciada da escola;1;0
2;216;64;Área de assentamento;Localização diferenciada da escola;1;0
2;216;65;Terra indígena;Localização diferenciada da escola;1;0
2;216;66;Área remanescente de quilombos;Localização diferenciada da escola;1;0
2;216;67;Área de uso sustentável;Localização diferenciada da escola;1;0
2;217;1;Feminino;Sexo da criança;1;1
2;217;2;Masculino;Sexo da criança;1;1
2;217;3;Branca;Cor ou Raça da criança;1;0
2;217;4;Negra;Cor ou Raça da criança;1;0
2;217;5;Amarela;Cor ou Raça da criança;1;0
2;217;6;Indígena;Cor ou Raça da criança;1;0
2;217;7;Cor ou Raça ignorada;Cor ou Raça da criança;1;0
2;217;30;Urbano;Localização da creche ou pré-escola;1;1
2;217;31;Rural;Localização da creche ou pré-escola;1;1
2;217;32;Sim;Criança com deficiência, transtorno do espectro autista ou altas habilidades/superdotação;1;1
2;217;33;Não;Criança com deficiência, transtorno do espectro autista ou altas habilidades/superdotação;1;1
2;217;34;Rede Pública;Dependência Administrativa da creche ou pré-escola - I;1;0
2;217;35;Rede Privada conveniada com o Poder Público;Dependência Administrativa da creche ou pré-escola - I;1;0
2;217;36;Rede Privada não conveniada com o Poder Público;Dependência Administrativa da creche ou pré-escola - I;1;0
2;217;37;Rede federal;Dependência Administrativa da creche ou pré-escola - II;1;0
2;217;38;Rede estadual;Dependência Administrativa da creche ou pré-escola - II;1;0
2;217;39;Rede municipal;Dependência Administrativa da creche ou pré-escola - II;1;0
2;217;40;Rede Privada conveniada com o Poder Público;Dependência Administrativa da creche ou pré-escola - II;1;0
2;217;41;Rede Privada não conveniada com o Poder Público;Dependência Administrativa da creche ou pré-escola - II;1;0
2;218;1;Feminino;Sexo da criança;1;1
2;218;2;Masculino;Sexo da criança;1;1
2;218;3;Branca;Cor ou Raça da criança;1;0
2;218;4;Negra;Cor ou Raça da criança;1;0
2;218;5;Amarela;Cor ou Raça da criança;1;0
2;218;6;Indígena;Cor ou Raça da criança;1;0
2;218;7;Cor ou Raça ignorada;Cor ou Raça da criança;1;0
2;218;30;Urbano;Localização da creche ou pré-escola;1;1
2;218;31;Rural;Localização da creche ou pré-escola;1;1
2;218;32;Sim;Criança com deficiência, transtorno do espectro autista ou altas habilidades/superdotação;1;1
2;218;33;Não;Criança com deficiência, transtorno do espectro autista ou altas habilidades/superdotação;1;1
2;218;34;Rede Pública;Dependência Administrativa da creche ou pré-escola - I;1;0
2;218;35;Rede Privada conveniada com o Poder Público;Dependência Administrativa da creche ou pré-escola - I;1;0
2;218;36;Rede Privada não conveniada com o Poder Público;Dependência Administrativa da creche ou pré-escola - I;1;0
2;218;37;Rede federal;Dependência Administrativa da creche ou pré-escola - II;1;0
2;218;38;Rede estadual;Dependência Administrativa da creche ou pré-escola - II;1;0
2;218;39;Rede municipal;Dependência Administrativa da creche ou pré-escola - II;1;0
2;218;40;Rede Privada conveniada com o Poder Público;Dependência Administrativa da creche ou pré-escola - II;1;0
2;218;41;Rede Privada não conveniada com o Poder Público;Dependência Administrativa da creche ou pré-escola - II;1;0
2;219;74;Grupo 1 - Docentes com formação superior de licenciatura na mesma área da disciplina que leciona;Adequação docente - Total;1;0
2;219;75;Grupo 2 - Docentes com formação superior de bacharelado na mesma área da disciplina que leciona;Adequação docente - Total;1;0
2;219;76;Grupo 3 - Docentes com formação superior de licenciatura em área diferente daquela que leciona;Adequação docente - Total;1;0
2;219;77;Grupo 4 - Docentes com outra formação superior ;Adequação docente - Total;1;0
2;219;78;Grupo 5 - Docentes sem formação superior;Adequação docente - Total;1;0
2;219;79;Grupo 1 - Docentes com formação superior de licenciatura na mesma área da disciplina que leciona;Localização da Escola - Urbano;1;0
2;219;80;Grupo 2 - Docentes com formação superior de bacharelado na mesma área da disciplina que leciona;Localização da Escola - Urbano;1;0
2;219;81;Grupo 3 - Docentes com formação superior de licenciatura em área diferente daquela que leciona;Localização da Escola - Urbano;1;0
2;219;82;Grupo 4 - Docentes com outra formação superior ;Localização da Escola - Urbano;1;0
2;219;83;Grupo 5 - Docentes sem formação superior;Localização da Escola - Urbano;1;0
2;219;84;Grupo 1 - Docentes com formação superior de licenciatura na mesma área da disciplina que leciona;Localização da Escola - Rural;1;0
2;219;85;Grupo 2 - Docentes com formação superior de bacharelado na mesma área da disciplina que leciona;Localização da Escola - Rural;1;0
2;219;86;Grupo 3 - Docentes com formação superior de licenciatura em área diferente daquela que leciona;Localização da Escola - Rural;1;0
2;219;87;Grupo 4 - Docentes com outra formação superior ;Localização da Escola - Rural;1;0
2;219;88;Grupo 5 - Docentes sem formação superior;Localização da Escola - Rural;1;0
2;219;89;Grupo 1 - Docentes com formação superior de licenciatura na mesma área da disciplina que leciona;Dependência Administrativa da escola - Rede Pública;1;0
2;219;90;Grupo 2 - Docentes com formação superior de bacharelado na mesma área da disciplina que leciona;Dependência Administrativa da escola - Rede Pública;1;0
2;219;91;Grupo 3 - Docentes com formação superior de licenciatura em área diferente daquela que leciona;Dependência Administrativa da escola - Rede Pública;1;0
2;219;92;Grupo 4 - Docentes com outra formação superior ;Dependência Administrativa da escola - Rede Pública;1;0
2;219;93;Grupo 5 - Docentes sem formação superior;Dependência Administrativa da escola - Rede Pública;1;0
2;219;94;Grupo 1 - Docentes com formação superior de licenciatura na mesma área da disciplina que leciona;Dependência Administrativa da escola - Rede Privada;1;0
2;219;95;Grupo 2 - Docentes com formação superior de bacharelado na mesma área da disciplina que leciona;Dependência Administrativa da escola - Rede Privada;1;0
2;219;96;Grupo 3 - Docentes com formação superior de licenciatura em área diferente daquela que leciona;Dependência Administrativa da escola - Rede Privada;1;0
2;219;97;Grupo 4 - Docentes com outra formação superior ;Dependência Administrativa da escola - Rede Privada;1;0
2;219;98;Grupo 5 - Docentes sem formação superior;Dependência Administrativa da escola - Rede Privada;1;0
2;219;99;Grupo 1 - Docentes com formação superior de licenciatura na mesma área da disciplina que leciona;Dependência Administrativa da escola - Rede Federal;1;0
2;219;100;Grupo 2 - Docentes com formação superior de bacharelado na mesma área da disciplina que leciona;Dependência Administrativa da escola - Rede Federal;1;0
2;219;101;Grupo 3 - Docentes com formação superior de licenciatura em área diferente daquela que leciona;Dependência Administrativa da escola - Rede Federal;1;0
2;219;102;Grupo 4 - Docentes com outra formação superior ;Dependência Administrativa da escola - Rede Federal;1;0
2;219;103;Grupo 5 - Docentes sem formação superior;Dependência Administrativa da escola - Rede Federal;1;0
2;219;104;Grupo 1 - Docentes com formação superior de licenciatura na mesma área da disciplina que leciona;Dependência Administrativa da escola - Rede Estadual;1;0
2;219;105;Grupo 2 - Docentes com formação superior de bacharelado na mesma área da disciplina que leciona;Dependência Administrativa da escola - Rede Estadual;1;0
2;219;106;Grupo 3 - Docentes com formação superior de licenciatura em área diferente daquela que leciona;Dependência Administrativa da escola - Rede Estadual;1;0
2;219;107;Grupo 4 - Docentes com outra formação superior ;Dependência Administrativa da escola - Rede Estadual;1;0
2;219;108;Grupo 5 - Docentes sem formação superior;Dependência Administrativa da escola - Rede Estadual;1;0
2;219;109;Grupo 1 - Docentes com formação superior de licenciatura na mesma área da disciplina que leciona;Dependência Administrativa da escola - Rede Municipal;1;0
2;219;110;Grupo 2 - Docentes com formação superior de bacharelado na mesma área da disciplina que leciona;Dependência Administrativa da escola - Rede Municipal;1;0
2;219;111;Grupo 3 - Docentes com formação superior de licenciatura em área diferente daquela que leciona;Dependência Administrativa da escola - Rede Municipal;1;0
2;219;112;Grupo 4 - Docentes com outra formação superior ;Dependência Administrativa da escola - Rede Municipal;1;0
2;219;113;Grupo 5 - Docentes sem formação superior;Dependência Administrativa da escola - Rede Municipal;1;0
2;220;74;Grupo 1 - Docentes com formação superior de licenciatura na mesma área da disciplina que leciona;Adequação docente - Total;1;0
2;220;75;Grupo 2 - Docentes com formação superior de bacharelado na mesma área da disciplina que leciona;Adequação docente - Total;1;0
2;220;76;Grupo 3 - Docentes com formação superior de licenciatura em área diferente daquela que leciona;Adequação docente - Total;1;0
2;220;77;Grupo 4 - Docentes com outra formação superior ;Adequação docente - Total;1;0
2;220;78;Grupo 5 - Docentes sem formação superior;Adequação docente - Total;1;0
2;220;79;Grupo 1 - Docentes com formação superior de licenciatura na mesma área da disciplina que leciona;Localização da Escola - Urbano;1;0
2;220;80;Grupo 2 - Docentes com formação superior de bacharelado na mesma área da disciplina que leciona;Localização da Escola - Urbano;1;0
2;220;81;Grupo 3 - Docentes com formação superior de licenciatura em área diferente daquela que leciona;Localização da Escola - Urbano;1;0
2;220;82;Grupo 4 - Docentes com outra formação superior ;Localização da Escola - Urbano;1;0
2;220;83;Grupo 5 - Docentes sem formação superior;Localização da Escola - Urbano;1;0
2;220;84;Grupo 1 - Docentes com formação superior de licenciatura na mesma área da disciplina que leciona;Localização da Escola - Rural;1;0
2;220;85;Grupo 2 - Docentes com formação superior de bacharelado na mesma área da disciplina que leciona;Localização da Escola - Rural;1;0
2;220;86;Grupo 3 - Docentes com formação superior de licenciatura em área diferente daquela que leciona;Localização da Escola - Rural;1;0
2;220;87;Grupo 4 - Docentes com outra formação superior ;Localização da Escola - Rural;1;0
2;220;88;Grupo 5 - Docentes sem formação superior;Localização da Escola - Rural;1;0
2;220;89;Grupo 1 - Docentes com formação superior de licenciatura na mesma área da disciplina que leciona;Dependência Administrativa da escola - Rede Pública;1;0
2;220;90;Grupo 2 - Docentes com formação superior de bacharelado na mesma área da disciplina que leciona;Dependência Administrativa da escola - Rede Pública;1;0
2;220;91;Grupo 3 - Docentes com formação superior de licenciatura em área diferente daquela que leciona;Dependência Administrativa da escola - Rede Pública;1;0
2;220;92;Grupo 4 - Docentes com outra formação superior ;Dependência Administrativa da escola - Rede Pública;1;0
2;220;93;Grupo 5 - Docentes sem formação superior;Dependência Administrativa da escola - Rede Pública;1;0
2;220;94;Grupo 1 - Docentes com formação superior de licenciatura na mesma área da disciplina que leciona;Dependência Administrativa da escola - Rede Privada;1;0
2;220;95;Grupo 2 - Docentes com formação superior de bacharelado na mesma área da disciplina que leciona;Dependência Administrativa da escola - Rede Privada;1;0
2;220;96;Grupo 3 - Docentes com formação superior de licenciatura em área diferente daquela que leciona;Dependência Administrativa da escola - Rede Privada;1;0
2;220;97;Grupo 4 - Docentes com outra formação superior ;Dependência Administrativa da escola - Rede Privada;1;0
2;220;98;Grupo 5 - Docentes sem formação superior;Dependência Administrativa da escola - Rede Privada;1;0
2;220;99;Grupo 1 - Docentes com formação superior de licenciatura na mesma área da disciplina que leciona;Dependência Administrativa da escola - Rede Federal;1;0
2;220;100;Grupo 2 - Docentes com formação superior de bacharelado na mesma área da disciplina que leciona;Dependência Administrativa da escola - Rede Federal;1;0
2;220;101;Grupo 3 - Docentes com formação superior de licenciatura em área diferente daquela que leciona;Dependência Administrativa da escola - Rede Federal;1;0
2;220;102;Grupo 4 - Docentes com outra formação superior ;Dependência Administrativa da escola - Rede Federal;1;0
2;220;103;Grupo 5 - Docentes sem formação superior;Dependência Administrativa da escola - Rede Federal;1;0
2;220;104;Grupo 1 - Docentes com formação superior de licenciatura na mesma área da disciplina que leciona;Dependência Administrativa da escola - Rede Estadual;1;0
2;220;105;Grupo 2 - Docentes com formação superior de bacharelado na mesma área da disciplina que leciona;Dependência Administrativa da escola - Rede Estadual;1;0
2;220;106;Grupo 3 - Docentes com formação superior de licenciatura em área diferente daquela que leciona;Dependência Administrativa da escola - Rede Estadual;1;0
2;220;107;Grupo 4 - Docentes com outra formação superior ;Dependência Administrativa da escola - Rede Estadual;1;0
2;220;108;Grupo 5 - Docentes sem formação superior;Dependência Administrativa da escola - Rede Estadual;1;0
2;220;109;Grupo 1 - Docentes com formação superior de licenciatura na mesma área da disciplina que leciona;Dependência Administrativa da escola - Rede Municipal;1;0
2;220;110;Grupo 2 - Docentes com formação superior de bacharelado na mesma área da disciplina que leciona;Dependência Administrativa da escola - Rede Municipal;1;0
2;220;111;Grupo 3 - Docentes com formação superior de licenciatura em área diferente daquela que leciona;Dependência Administrativa da escola - Rede Municipal;1;0
2;220;112;Grupo 4 - Docentes com outra formação superior ;Dependência Administrativa da escola - Rede Municipal;1;0
2;220;113;Grupo 5 - Docentes sem formação superior;Dependência Administrativa da escola - Rede Municipal;1;0
2;221;30;Urbano;Localização da creche ou pré-escola;0;1
2;221;31;Rural;Localização da creche ou pré-escola;0;1
2;221;34;Rede Pública;Dependência Administrativa da creche ou pré-escola - I;0;0
2;221;35;Rede Privada conveniada com o Poder Público;Dependência Administrativa da creche ou pré-escola - I;0;0
2;221;36;Rede Privada não conveniada com o Poder Público;Dependência Administrativa da creche ou pré-escola - I;0;0
2;221;37;Rede federal;Dependência Administrativa da creche ou pré-escola - II;0;0
2;221;38;Rede estadual;Dependência Administrativa da creche ou pré-escola - II;0;0
2;221;39;Rede municipal;Dependência Administrativa da creche ou pré-escola - II;0;0
2;221;40;Rede Privada conveniada com o Poder Público;Dependência Administrativa da creche ou pré-escola - II;0;0
2;221;41;Rede Privada não conveniada com o Poder Público;Dependência Administrativa da creche ou pré-escola - II;0;0
2;221;183;Feminino;Sexo do docente;0;1
2;221;184;Masculino;Sexo do docente;0;1
2;221;185;Branca;Raça/cor do docente;0;0
2;221;186;Negra;Raça/cor do docente;0;0
2;221;187;Amarela;Raça/cor do docente;0;0
2;221;188;Indígena;Raça/cor do docente;0;0
2;221;189;Raça ignorada;Raça/cor do docente;0;0
2;221;190;Até 29 anos de idade;Faixa etária do docente;0;0
2;221;191;De 30 a 59 anos de idade;Faixa etária do docente;0;0
2;221;192;60 anos ou mais de idade;Faixa etária do docente;0;0
2;221;193;Com especialização;Pós-Graduação;0;1
2;221;194;Sem especialização;Pós-Graduação;0;1
2;222;30;Urbano;Localização da creche ou pré-escola;0;1
2;222;31;Rural;Localização da creche ou pré-escola;0;1
2;222;34;Rede Pública;Dependência Administrativa da creche ou pré-escola - I;0;0
2;222;35;Rede Privada conveniada com o Poder Público;Dependência Administrativa da creche ou pré-escola - I;0;0
2;222;36;Rede Privada não conveniada com o Poder Público;Dependência Administrativa da creche ou pré-escola - I;0;0
2;222;37;Rede federal;Dependência Administrativa da creche ou pré-escola - II;0;0
2;222;38;Rede estadual;Dependência Administrativa da creche ou pré-escola - II;0;0
2;222;39;Rede municipal;Dependência Administrativa da creche ou pré-escola - II;0;0
2;222;40;Rede Privada conveniada com o Poder Público;Dependência Administrativa da creche ou pré-escola - II;0;0
2;222;41;Rede Privada não conveniada com o Poder Público;Dependência Administrativa da creche ou pré-escola - II;0;0
2;222;183;Feminino;Sexo do docente;0;1
2;222;184;Masculino;Sexo do docente;0;1
2;222;185;Branca;Raça/cor do docente;0;0
2;222;186;Negra;Raça/cor do docente;0;0
2;222;187;Amarela;Raça/cor do docente;0;0
2;222;188;Indígena;Raça/cor do docente;0;0
2;222;189;Raça ignorada;Raça/cor do docente;0;0
2;222;190;Até 29 anos de idade;Faixa etária do docente;0;0
2;222;191;De 30 a 59 anos de idade;Faixa etária do docente;0;0
2;222;192;60 anos ou mais de idade;Faixa etária do docente;0;0
2;222;193;Com especialização;Pós-Graduação;0;1
2;222;194;Sem especialização;Pós-Graduação;0;1
3;301;137;BCG;Tipo de Vacina;1;0
3;301;138;Hepatite B em crianças até 30 dias;Tipo de Vacina;1;0
3;301;139;Penta;Tipo de Vacina;1;0
3;301;140;Tríplice Viral D1;Tipo de Vacina;1;0
3;301;141;Tríplice Viral D2;Tipo de Vacina;1;0
3;306;1;Feminino;Sexo da criança;1;1
3;306;2;Masculino;Sexo da criança;1;1
3;306;3;Branca;Cor ou Raça da criança;1;1
3;306;4;Negra;Cor ou Raça da criança;1;1
3;307;1;Feminino;Sexo da criança;1;1
3;307;2;Masculino;Sexo da criança;1;1
3;307;3;Branca;Cor ou Raça da criança;1;1
3;307;4;Negra;Cor ou Raça da criança;1;1
3;308;1;Feminino;Sexo da criança;1;1
3;308;2;Masculino;Sexo da criança;1;1
3;308;3;Branca;Cor ou Raça da criança;1;1
3;308;4;Negra;Cor ou Raça da criança;1;1
3;309;1;Feminino;Sexo da criança;0;1
3;309;2;Masculino;Sexo da criança;0;1
3;309;3;Branca;Cor ou Raça da criança;0;1
3;309;4;Negra;Cor ou Raça da criança;0;1
3;309;143;Mortalidade neonatal precoce;Componentes de mortalidade na infância;0;0
3;309;144;Mortalidade neonatal tardia;Componentes de mortalidade na infância;0;0
3;309;145;Mortalidade pós-neonatal;Componentes de mortalidade na infância;0;0
3;309;146;Mortalidade infantil;Componentes de mortalidade na infância;0;0
3;309;147;Mortalidade na faixa de 1 a 4 anos de idade;Componentes de mortalidade na infância;0;0
3;309;173;Causas evitáveis com ações de imunização;Causas evitáveis de mortalidade de crianças menores de 5 anos de vida;0;0
3;309;174;Causas evitáveis por adequada atenção à mulher na gestação;Causas evitáveis de mortalidade de crianças menores de 5 anos de vida;0;0
3;309;175;Causas evitáveis por adequada atenção à mulher no parto;Causas evitáveis de mortalidade de crianças menores de 5 anos de vida;0;0
3;309;176;Causas evitáveis por adequada atenção ao recém-nascido;Causas evitáveis de mortalidade de crianças menores de 5 anos de vida;0;0
3;309;177;Causas evitáveis por ações diagnóstico e tratamento adequado;Causas evitáveis de mortalidade de crianças menores de 5 anos de vida;0;0
3;309;178;Causas evitáveis por ações promoção à saúde vinculadas a ações de atenção;Causas evitáveis de mortalidade de crianças menores de 5 anos de vida;0;0
3;310;143;Mortalidade neonatal precoce;Componentes de mortalidade na infância;0;0
3;310;144;Mortalidade neonatal tardia;Componentes de mortalidade na infância;0;0
3;310;145;Mortalidade pós-neonatal;Componentes de mortalidade na infância;0;0
3;310;146;Mortalidade infantil;Componentes de mortalidade na infância;0;0
3;310;147;Mortalidade na faixa de 1 a 4 anos de idade;Componentes de mortalidade na infância;0;0
3;311;3;Branca;Cor ou Raça da criança;1;1
3;311;4;Negra;Cor ou Raça da criança;1;1
3;311;150;10 a 17 anos de idade;Faixa etária da mãe;1;1
3;311;151;18 a 49 anos de idade;Faixa etária da mãe;1;1
3;311;152;Nenhum;Anos de estudos concluídos da mãe;1;0
3;311;153;1 a 3 anos;Anos de estudos concluídos da mãe;1;0
3;311;154;4 a 7 anos;Anos de estudos concluídos da mãe;1;0
3;311;155;8 a 11 anos;Anos de estudos concluídos da mãe;1;0
3;311;156;12 anos ou mais;Anos de estudos concluídos da mãe;1;0
3;312;3;Branca;Cor ou Raça da criança;1;1
3;312;4;Negra;Cor ou Raça da criança;1;1
3;312;150;10 a 17 anos de idade;Faixa etária da mãe;1;1
3;312;151;18 a 49 anos de idade;Faixa etária da mãe;1;1
3;312;152;Nenhum;Anos de estudos concluídos da mãe;1;0
3;312;153;1 a 3 anos;Anos de estudos concluídos da mãe;1;0
3;312;154;4 a 7 anos;Anos de estudos concluídos da mãe;1;0
3;312;155;8 a 11 anos;Anos de estudos concluídos da mãe;1;0
3;312;156;12 anos ou mais;Anos de estudos concluídos da mãe;1;0
3;312;157;Rede pública;Dependência administrativa do estabelecimento de saúde;1;1
3;312;158;Rede privada;Dependência administrativa do estabelecimento de saúde;1;1
3;313;148;Branca;Cor ou Raça da mãe;0;1
3;313;149;Negra;Cor ou Raça da mãe;0;1
3;313;150;10 a 17 anos de idade;Faixa etária da mãe;0;1
3;313;151;18 a 49 anos de idade;Faixa etária da mãe;0;1
3;315;157;Rede pública;Dependência administrativa do estabelecimento de saúde;1;1
3;315;158;Rede privada;Dependência administrativa do estabelecimento de saúde;1;1
3;318;3;Branca;Cor ou Raça da criança;1;1
3;318;4;Negra;Cor ou Raça da criança;1;1
3;318;24;Até 1/4 de salário mínimo;Renda domiciliar per capita - I;1;1
3;318;25;Até 1/2 salário mínimo;Renda domiciliar per capita - I;1;1
4;404;1;Feminino;Sexo da criança;0;1
4;404;2;Masculino;Sexo da criança;0;1
4;404;3;Branca;Cor ou Raça da criança;0;1
4;404;4;Negra;Cor ou Raça da criança;0;1
4;404;146;Mortalidade infantil;Componentes de mortalidade na infância;0;1
4;404;147;Mortalidade na faixa de 1 a 4 anos de idade;Componentes de mortalidade na infância;0;1
4;404;207;Afogamento;Causas acidentais de internação de crianças menores de 5 anos de vida;0;0
4;404;208;Saufocação;Causas acidentais de internação de crianças menores de 5 anos de vida;0;0
4;404;209;Intoxicação;Causas acidentais de internação de crianças menores de 5 anos de vida;0;0
4;404;210;Queimadura;Causas acidentais de internação de crianças menores de 5 anos de vida;0;0
4;404;211;Queda;Causas acidentais de internação de crianças menores de 5 anos de vida;0;0
4;404;212;Outros;Causas acidentais de internação de crianças menores de 5 anos de vida;0;0
4;406;1;Feminino;Sexo da criança;0;1
4;406;2;Masculino;Sexo da criança;0;1
4;406;3;Branca;Cor ou Raça da criança;0;1
4;406;4;Negra;Cor ou Raça da criança;0;1
4;406;146;Mortalidade infantil;Componentes de mortalidade na infância;0;1
4;406;147;Mortalidade na faixa de 1 a 4 anos de idade;Componentes de mortalidade na infância;0;1
4;406;213;Pedestre;Causas acidentes de trânsito terrestres de internação de crianças menores de 5 anos de vida;0;0
4;406;214;Ciclista;Causas acidentes de trânsito terrestres de internação de crianças menores de 5 anos de vida;0;0
4;406;215;Motocicleta;Causas acidentes de trânsito terrestres de internação de crianças menores de 5 anos de vida;0;0
4;406;216;Automóvel;Causas acidentes de trânsito terrestres de internação de crianças menores de 5 anos de vida;0;0
4;406;217;ônibus;Causas acidentes de trânsito terrestres de internação de crianças menores de 5 anos de vida;0;0
4;406;218;Outros;Causas acidentes de trânsito terrestres de internação de crianças menores de 5 anos de vida;0;0
4;408;1;Feminino;Sexo da criança;0;1
4;408;2;Masculino;Sexo da criança;0;1
4;408;3;Branca;Cor ou Raça da criança;0;1
4;408;4;Negra;Cor ou Raça da criança;0;1
4;408;143;Mortalidade neonatal precoce;Componentes de mortalidade na infância;0;0
4;408;144;Mortalidade neonatal tardia;Componentes de mortalidade na infância;0;0
4;408;145;Mortalidade pós-neonatal;Componentes de mortalidade na infância;0;0
4;408;146;Mortalidade infantil;Componentes de mortalidade na infância;0;0
4;408;147;Mortalidade na faixa de 1 a 4 anos de idade;Componentes de mortalidade na infância;0;0
4;410;1;Feminino;Sexo da criança;0;1
4;410;2;Masculino;Sexo da criança;0;1
4;410;3;Branca;Cor ou Raça da criança;0;1
4;410;4;Negra;Cor ou Raça da criança;0;1
4;410;143;Mortalidade neonatal precoce;Componentes de mortalidade na infância;0;0
4;410;144;Mortalidade neonatal tardia;Componentes de mortalidade na infância;0;0
4;410;145;Mortalidade pós-neonatal;Componentes de mortalidade na infância;0;0
4;410;146;Mortalidade infantil;Componentes de mortalidade na infância;0;0
4;410;147;Mortalidade na faixa de 1 a 4 anos de idade;Componentes de mortalidade na infância;0;0
4;410;195;Afogamento;Causas acidentais de mortalidade de crianças menores de 5 anos de vida;0;0
4;410;196;Saufocação;Causas acidentais de mortalidade de crianças menores de 5 anos de vida;0;0
4;410;197;Intoxicação;Causas acidentais de mortalidade de crianças menores de 5 anos de vida;0;0
4;410;198;Queimadura;Causas acidentais de mortalidade de crianças menores de 5 anos de vida;0;0
4;410;199;Queda;Causas acidentais de mortalidade de crianças menores de 5 anos de vida;0;0
4;410;200;Outros;Causas acidentais de mortalidade de crianças menores de 5 anos de vida;0;0
4;412;1;Feminino;Sexo da criança;0;1
4;412;2;Masculino;Sexo da criança;0;1
4;412;3;Branca;Cor ou Raça da criança;0;1
4;412;4;Negra;Cor ou Raça da criança;0;1
4;412;143;Mortalidade neonatal precoce;Componentes de mortalidade na infância;0;0
4;412;144;Mortalidade neonatal tardia;Componentes de mortalidade na infância;0;0
4;412;145;Mortalidade pós-neonatal;Componentes de mortalidade na infância;0;0
4;412;146;Mortalidade infantil;Componentes de mortalidade na infância;0;0
4;412;147;Mortalidade na faixa de 1 a 4 anos de idade;Componentes de mortalidade na infância;0;0
4;412;201;Pedestre;Causas acidentes de trânsito terrestres de mortalidade de crianças menores de 5 anos de vida;0;0
4;412;202;Ciclista;Causas acidentes de trânsito terrestres de mortalidade de crianças menores de 5 anos de vida;0;0
4;412;203;Motocicleta;Causas acidentes de trânsito terrestres de mortalidade de crianças menores de 5 anos de vida;0;0
4;412;204;Automóvel;Causas acidentes de trânsito terrestres de mortalidade de crianças menores de 5 anos de vida;0;0
4;412;205;Ônibus;Causas acidentes de trânsito terrestres de mortalidade de crianças menores de 5 anos de vida;0;0
4;412;206;Outros;Causas acidentes de trânsito terrestres de mortalidade de crianças menores de 5 anos de vida;0;0
4;417;3;Branca;Cor ou Raça da criança;0;1
4;417;4;Negra;Cor ou Raça da criança;0;1
4;417;219;0 a 11 anos de idade;Faixa etária da mulher;0;0
4;417;220;12 a 17 anos de idade;Faixa etária da mulher;0;0
4;417;221;18 a 29 anos de idade;Faixa etária da mulher;0;0
4;417;222;30 a 59 anos de idade;Faixa etária da mulher;0;0
4;417;223;60 anos ou mais de idade;Faixa etária da mulher;0;0
4;419;224;Número de Conselhos Tutelares no território;Existência de Conselhos Tutelares;0;1
